date,aaa_yield_pct,baa_yield_pct,treasury_2y_pct,treasury_5y_pct,treasury_10y_pct,treasury_30y_pct,corp_baa_aaa_spread_pct,treasury_slope_10y_2y_pct
2016-01-01,4.0,5.45,0.9,1.52,2.09,2.86,1.45,1.19
2016-02-01,3.96,5.34,0.73,1.22,1.78,2.62,1.38,1.05
2016-03-01,3.82,5.13,0.88,1.38,1.89,2.68,1.31,1.01
2016-04-01,3.62,4.79,0.77,1.26,1.81,2.62,1.17,1.04
2016-05-01,3.65,4.68,0.82,1.3,1.81,2.63,1.03,0.99
2016-06-01,3.5,4.53,0.73,1.17,1.64,2.45,1.03,0.91
2016-07-01,3.28,4.22,0.67,1.07,1.5,2.23,0.94,0.83
2016-08-01,3.32,4.24,0.74,1.13,1.56,2.26,0.92,0.82
2016-09-01,3.41,4.31,0.77,1.18,1.63,2.35,0.9,0.86
2016-10-01,3.51,4.38,0.84,1.27,1.76,2.5,0.87,0.92
2016-11-01,3.86,4.71,0.98,1.6,2.14,2.86,0.85,1.16
2016-12-01,4.06,4.83,1.2,1.96,2.49,3.11,0.77,1.29
2017-01-01,3.92,4.66,1.21,1.92,2.43,3.02,0.74,1.22
2017-02-01,3.95,4.64,1.2,1.9,2.42,3.03,0.69,1.22
2017-03-01,4.01,4.68,1.31,2.01,2.48,3.08,0.67,1.17
2017-04-01,3.87,4.57,1.24,1.82,2.3,2.94,0.7,1.06
2017-05-01,3.85,4.55,1.3,1.84,2.3,2.96,0.7,1.0
2017-06-01,3.68,4.37,1.34,1.77,2.19,2.8,0.69,0.85
2017-07-01,3.7,4.39,1.37,1.87,2.32,2.88,0.69,0.95
2017-08-01,3.63,4.31,1.34,1.78,2.21,2.8,0.68,0.87
2017-09-01,3.63,4.3,1.38,1.8,2.2,2.78,0.67,0.82
2017-10-01,3.6,4.32,1.55,1.98,2.36,2.88,0.72,0.81
2017-11-01,3.57,4.27,1.7,2.05,2.35,2.8,0.7,0.65
2017-12-01,3.51,4.22,1.84,2.18,2.4,2.77,0.71,0.56
2018-01-01,3.55,4.26,2.03,2.38,2.58,2.88,0.71,0.55
2018-02-01,3.82,4.51,2.18,2.6,2.86,3.13,0.69,0.68
2018-03-01,3.87,4.64,2.28,2.63,2.84,3.09,0.77,0.56
2018-04-01,3.85,4.67,2.38,2.7,2.87,3.07,0.82,0.49
2018-05-01,4.0,4.83,2.51,2.82,2.98,3.13,0.83,0.47
2018-06-01,3.96,4.83,2.53,2.78,2.91,3.05,0.87,0.38
2018-07-01,3.87,4.79,2.61,2.78,2.89,3.01,0.92,0.28
2018-08-01,3.88,4.77,2.64,2.77,2.89,3.04,0.89,0.25
2018-09-01,3.98,4.88,2.77,2.89,3.0,3.15,0.9,0.23
2018-10-01,4.14,5.07,2.86,3.0,3.15,3.34,0.93,0.29
2018-11-01,4.22,5.22,2.86,2.95,3.12,3.36,1.0,0.26
2018-12-01,4.02,5.13,2.68,2.68,2.83,3.1,1.11,0.15
2019-01-01,3.93,5.12,2.54,2.54,2.71,3.04,1.19,0.17
2019-02-01,3.79,4.95,2.5,2.49,2.68,3.02,1.16,0.18
2019-03-01,3.77,4.84,2.41,2.37,2.57,2.98,1.07,0.16
2019-04-01,3.69,4.7,2.34,2.33,2.53,2.94,1.01,0.19
2019-05-01,3.67,4.63,2.21,2.19,2.4,2.82,0.96,0.19
2019-06-01,3.42,4.46,1.81,1.83,2.07,2.57,1.04,0.26
2019-07-01,3.29,4.28,1.84,1.83,2.06,2.57,0.99,0.22
2019-08-01,2.98,3.87,1.57,1.49,1.63,2.12,0.89,0.06
2019-09-01,3.03,3.91,1.65,1.57,1.7,2.16,0.88,0.05
2019-10-01,3.01,3.92,1.55,1.53,1.71,2.19,0.91,0.16
2019-11-01,3.06,3.94,1.61,1.64,1.81,2.28,0.88,0.2
2019-12-01,3.01,3.88,1.61,1.68,1.86,2.3,0.87,0.25
2020-01-01,2.94,3.77,1.52,1.56,1.76,2.22,0.83,0.24
2020-02-01,2.78,3.61,1.33,1.32,1.5,1.97,0.83,0.17
2020-03-01,3.02,4.29,0.45,0.59,0.87,1.46,1.27,0.42
2020-04-01,2.43,4.13,0.22,0.39,0.66,1.27,1.7,0.44
2020-05-01,2.5,3.95,0.17,0.34,0.67,1.38,1.45,0.5
2020-06-01,2.44,3.64,0.19,0.34,0.73,1.49,1.2,0.54
2020-07-01,2.14,3.31,0.15,0.28,0.62,1.31,1.17,0.47
2020-08-01,2.25,3.27,0.14,0.27,0.65,1.36,1.02,0.51
2020-09-01,2.31,3.36,0.13,0.27,0.68,1.42,1.05,0.55
2020-10-01,2.35,3.44,0.15,0.34,0.79,1.57,1.09,0.64
2020-11-01,2.3,3.3,0.17,0.39,0.87,1.62,1.0,0.7
2020-12-01,2.26,3.16,0.14,0.39,0.93,1.67,0.9,0.79
2021-01-01,2.45,3.24,0.13,0.45,1.08,1.82,0.79,0.95
2021-02-01,2.7,3.42,0.12,0.54,1.26,2.04,0.72,1.14
2021-03-01,3.04,3.74,0.15,0.82,1.61,2.34,0.7,1.46
2021-04-01,2.9,3.6,0.16,0.86,1.64,2.3,0.7,1.48
2021-05-01,2.96,3.62,0.16,0.82,1.62,2.32,0.66,1.46
2021-06-01,2.79,3.44,0.2,0.84,1.52,2.16,0.65,1.32
2021-07-01,2.57,3.24,0.22,0.76,1.32,1.94,0.67,1.1
2021-08-01,2.55,3.24,0.22,0.77,1.28,1.92,0.69,1.06
2021-09-01,2.53,3.23,0.24,0.86,1.37,1.94,0.7,1.13
2021-10-01,2.68,3.35,0.39,1.11,1.58,2.06,0.67,1.19
2021-11-01,2.62,3.28,0.51,1.2,1.56,1.94,0.66,1.05
2021-12-01,2.65,3.3,0.68,1.23,1.47,1.85,0.65,0.79
2022-01-01,2.93,3.58,0.98,1.54,1.76,2.1,0.65,0.78
2022-02-01,3.25,3.97,1.44,1.81,1.93,2.25,0.72,0.49
2022-03-01,3.43,4.29,1.91,2.11,2.13,2.41,0.86,0.22
2022-04-01,3.76,4.66,2.54,2.78,2.75,2.81,0.9,0.21
2022-05-01,4.13,5.12,2.62,2.87,2.9,3.07,0.99,0.28
2022-06-01,4.24,5.27,3.0,3.19,3.14,3.25,1.03,0.14
2022-07-01,4.06,5.21,3.04,2.96,2.9,3.1,1.15,-0.14
2022-08-01,4.07,5.15,3.25,3.03,2.9,3.13,1.08,-0.35
2022-09-01,4.59,5.69,3.86,3.7,3.52,3.56,1.1,-0.34
2022-10-01,5.1,6.26,4.38,4.18,3.98,4.04,1.16,-0.4
2022-11-01,4.9,6.07,4.5,4.06,3.89,4.0,1.17,-0.61
2022-12-01,4.43,5.59,4.29,3.76,3.62,3.66,1.16,-0.67
2023-01-01,4.4,5.5,4.21,3.64,3.53,3.66,1.1,-0.68
2023-02-01,4.56,5.59,4.53,3.94,3.75,3.8,1.03,-0.78
2023-03-01,4.6,5.71,4.3,3.82,3.66,3.77,1.11,-0.64
2023-04-01,4.47,5.53,4.02,3.54,3.46,3.68,1.06,-0.56
2023-05-01,4.67,5.77,4.13,3.59,3.57,3.86,1.1,-0.56
2023-06-01,4.65,5.75,4.64,3.95,3.75,3.87,1.1,-0.89
2023-07-01,4.66,5.74,4.83,4.14,3.9,3.96,1.08,-0.93
2023-08-01,4.95,6.02,4.9,4.31,4.17,4.28,1.07,-0.73
2023-09-01,5.13,6.16,5.02,4.49,4.38,4.47,1.03,-0.64
2023-10-01,5.61,6.63,5.07,4.77,4.8,4.95,1.02,-0.27
2023-11-01,5.28,6.29,4.88,4.49,4.5,4.66,1.01,-0.38
2023-12-01,4.74,5.64,4.46,4.0,4.02,4.14,0.9,-0.44
2024-01-01,4.87,5.68,4.32,3.98,4.06,4.26,0.81,-0.26
2024-02-01,5.03,5.77,4.54,4.19,4.21,4.38,0.74,-0.33
2024-03-01,5.01,5.75,4.59,4.2,4.21,4.36,0.74,-0.38
2024-04-01,5.28,6.0,4.87,4.56,4.54,4.66,0.72,-0.33
2024-05-01,5.25,5.95,4.86,4.5,4.48,4.62,0.7,-0.38
2024-06-01,5.13,5.82,4.74,4.32,4.31,4.44,0.69,-0.43
2024-07-01,5.12,5.84,4.5,4.16,4.25,4.46,0.72,-0.25
2024-08-01,4.87,5.6,3.97,3.71,3.87,4.15,0.73,-0.1
2024-09-01,4.68,5.42,3.62,3.5,3.72,4.04,0.74,0.1
2024-10-01,4.95,5.63,3.97,3.91,4.1,4.38,0.68,0.13
2024-11-01,5.14,5.78,4.26,4.23,4.36,4.54,0.64,0.1
2024-12-01,5.2,5.8,4.23,4.25,4.39,4.58,0.6,0.16
2025-01-01,5.46,6.08,4.27,4.43,4.63,4.85,0.62,0.36
2025-02-01,5.32,5.92,4.21,4.28,4.45,4.68,0.6,0.24
2025-03-01,5.29,5.93,3.97,4.04,4.28,4.6,0.64,0.31
2025-04-01,5.45,6.18,3.78,3.91,4.28,4.71,0.73,0.5
2025-05-01,5.54,6.29,3.92,4.02,4.42,4.9,0.75,0.5
2025-06-01,5.46,6.15,3.89,3.96,4.38,4.89,0.69,0.49
2025-07-01,5.45,6.1,3.88,3.95,4.39,4.92,0.65,0.51
2025-08-01,5.35,6.0,3.7,3.79,4.26,4.87,0.65,0.56
2025-09-01,5.21,5.83,3.57,3.66,4.12,4.74,0.62,0.55
2025-10-01,5.13,5.74,3.52,3.65,4.06,4.64,0.61,0.54
2025-11-01,5.26,5.86,3.55,3.67,4.09,4.7,0.6,0.54
2025-12-01,5.31,5.9,3.5,3.7,4.14,4.8,0.59,0.64
