month,asset_id,monthly_return
2016-01,corp_ig_broad,0.0
2016-02,corp_ig_broad,0.00734692
2016-03,corp_ig_broad,0.02714211
2016-04,corp_ig_broad,0.01360422
2016-05,corp_ig_broad,-0.00065157
2016-06,corp_ig_broad,0.02179583
2016-07,corp_ig_broad,0.01450299
2016-08,corp_ig_broad,0.00273974
2016-09,corp_ig_broad,-0.00288109
2016-10,corp_ig_broad,-0.0082773
2016-11,corp_ig_broad,-0.02679157
2016-12,corp_ig_broad,0.00625628
2017-01,corp_ig_broad,0.00410223
2017-02,corp_ig_broad,0.01131249
2017-03,corp_ig_broad,-0.00123247
2017-04,corp_ig_broad,0.00997658
2017-05,corp_ig_broad,0.011625
2017-06,corp_ig_broad,0.00245437
2017-07,corp_ig_broad,0.00747191
2017-08,corp_ig_broad,0.00846901
2017-09,corp_ig_broad,-0.00228151
2017-10,corp_ig_broad,0.00403478
2017-11,corp_ig_broad,-0.00140183
2017-12,corp_ig_broad,0.00852674
2018-01,corp_ig_broad,-0.00924169
2018-02,corp_ig_broad,-0.01496488
2018-03,corp_ig_broad,0.0021517
2018-04,corp_ig_broad,-0.00851806
2018-05,corp_ig_broad,0.00450118
2018-06,corp_ig_broad,-0.00539486
2018-07,corp_ig_broad,0.00740717
2018-08,corp_ig_broad,0.00544058
2018-09,corp_ig_broad,-0.00325369
2018-10,corp_ig_broad,-0.01351052
2018-11,corp_ig_broad,-0.00190919
2018-12,corp_ig_broad,0.01501006
2019-01,corp_ig_broad,0.02093398
2019-02,corp_ig_broad,0.00359539
2019-03,corp_ig_broad,0.02489911
2019-04,corp_ig_broad,0.00556798
2019-05,corp_ig_broad,0.01434398
2019-06,corp_ig_broad,0.02300069
2019-07,corp_ig_broad,0.00655222
2019-08,corp_ig_broad,0.03036099
2019-09,corp_ig_broad,-0.00618472
2019-10,corp_ig_broad,0.00611736
2019-11,corp_ig_broad,0.00216596
2019-12,corp_ig_broad,0.0031493
2020-01,corp_ig_broad,0.02375793
2020-02,corp_ig_broad,0.01290357
2020-03,corp_ig_broad,-0.07474036
2020-04,corp_ig_broad,0.05272798
2020-05,corp_ig_broad,0.01748185
2020-06,corp_ig_broad,0.02015238
2020-07,corp_ig_broad,0.03150586
2020-08,corp_ig_broad,-0.01154064
2020-09,corp_ig_broad,-0.00264028
2020-10,corp_ig_broad,-0.00171769
2020-11,corp_ig_broad,0.02665992
2020-12,corp_ig_broad,0.00491241
2021-01,corp_ig_broad,-0.01219857
2021-02,corp_ig_broad,-0.01955671
2021-03,corp_ig_broad,-0.01386899
2021-04,corp_ig_broad,0.01189809
2021-05,corp_ig_broad,0.00702185
2021-06,corp_ig_broad,0.01664737
2021-07,corp_ig_broad,0.0120941
2021-08,corp_ig_broad,-0.001979
2021-09,corp_ig_broad,-0.01057093
2021-10,corp_ig_broad,0.00249734
2021-11,corp_ig_broad,0.00091614
2021-12,corp_ig_broad,-0.00171479
2022-01,corp_ig_broad,-0.03124744
2022-02,corp_ig_broad,-0.0218093
2022-03,corp_ig_broad,-0.02638974
2022-04,corp_ig_broad,-0.04971659
2022-05,corp_ig_broad,0.00535151
2022-06,corp_ig_broad,-0.02350093
2022-07,corp_ig_broad,0.02948806
2022-08,corp_ig_broad,-0.02661229
2022-09,corp_ig_broad,-0.05308193
2022-10,corp_ig_broad,-0.01114638
2022-11,corp_ig_broad,0.04917361
2022-12,corp_ig_broad,-0.00211735
2023-01,corp_ig_broad,0.03888928
2023-02,corp_ig_broad,-0.02912856
2023-03,corp_ig_broad,0.0256292
2023-04,corp_ig_broad,0.00847948
2023-05,corp_ig_broad,-0.01328436
2023-06,corp_ig_broad,0.0028448
2023-07,corp_ig_broad,0.00433452
2023-08,corp_ig_broad,-0.00682718
2023-09,corp_ig_broad,-0.02449655
2023-10,corp_ig_broad,-0.01820157
2023-11,corp_ig_broad,0.05640772
2023-12,corp_ig_broad,0.04044677
2024-01,corp_ig_broad,0.00148199
2024-02,corp_ig_broad,-0.01397174
2024-03,corp_ig_broad,0.01185604
2024-04,corp_ig_broad,-0.02327974
2024-05,corp_ig_broad,0.0185324
2024-06,corp_ig_broad,0.00638292
2024-07,corp_ig_broad,0.02363522
2024-08,corp_ig_broad,0.01532264
2024-09,corp_ig_broad,0.0172295
2024-10,corp_ig_broad,-0.02249599
2024-11,corp_ig_broad,0.01195781
2024-12,corp_ig_broad,-0.01776018
2025-01,corp_ig_broad,0.00606316
2025-02,corp_ig_broad,0.02025098
2025-03,corp_ig_broad,-0.00275152
2025-04,corp_ig_broad,-0.00024949
2025-05,corp_ig_broad,2.642e-05
2025-06,corp_ig_broad,0.01816725
2025-07,corp_ig_broad,0.00148788
2025-08,corp_ig_broad,0.01061566
2025-09,corp_ig_broad,0.01419072
2025-10,corp_ig_broad,0.0044721
2025-11,corp_ig_broad,0.00635947
2025-12,corp_ig_broad,-0.00314019
2016-01,corp_aaa,0.0
2016-02,corp_aaa,0.01691907
2016-03,corp_aaa,0.01540078
2016-04,corp_aaa,0.0082093
2016-05,corp_aaa,0.00047994
2016-06,corp_aaa,0.02413445
2016-07,corp_aaa,0.01300233
2016-08,corp_aaa,-0.00046239
2016-09,corp_aaa,-0.00847052
2016-10,corp_aaa,-0.0174558
2016-11,corp_aaa,-0.03432015
2016-12,corp_aaa,0.00408641
2017-01,corp_aaa,-0.00454261
2017-02,corp_aaa,0.01559001
2017-03,corp_aaa,-0.00192092
2017-04,corp_aaa,0.01164815
2017-05,corp_aaa,0.01571599
2017-06,corp_aaa,0.00576566
2017-07,corp_aaa,0.0041942
2017-08,corp_aaa,0.01267517
2017-09,corp_aaa,-0.00272306
2017-10,corp_aaa,0.00231533
2017-11,corp_aaa,0.00165682
2017-12,corp_aaa,0.01305765
2018-01,corp_aaa,-0.01818011
2018-02,corp_aaa,-0.01883655
2018-03,corp_aaa,0.00847458
2018-04,corp_aaa,-0.012298
2018-05,corp_aaa,0.01168213
2018-06,corp_aaa,-0.00299193
2018-07,corp_aaa,0.00377952
2018-08,corp_aaa,0.00437937
2018-09,corp_aaa,-0.00699897
2018-10,corp_aaa,-0.01903851
2018-11,corp_aaa,0.00675564
2018-12,corp_aaa,0.02524979
2019-01,corp_aaa,0.02326772
2019-02,corp_aaa,-0.00633367
2019-03,corp_aaa,0.03246825
2019-04,corp_aaa,-0.00480168
2019-05,corp_aaa,0.02784628
2019-06,corp_aaa,0.0250652
2019-07,corp_aaa,0.00353264
2019-08,corp_aaa,0.05149935
2019-09,corp_aaa,-0.01399738
2019-10,corp_aaa,0.00220766
2019-11,corp_aaa,0.00072497
2019-12,corp_aaa,-0.00458351
2020-01,corp_aaa,0.03262421
2020-02,corp_aaa,0.02545371
2020-03,corp_aaa,-0.01324363
2020-04,corp_aaa,0.03031196
2020-05,corp_aaa,0.01097244
2020-06,corp_aaa,0.0053238
2020-07,corp_aaa,0.03417841
2020-08,corp_aaa,-0.0244898
2020-09,corp_aaa,0.00124255
2020-10,corp_aaa,-0.01171361
2020-11,corp_aaa,0.02731827
2020-12,corp_aaa,0.00024945
2021-01,corp_aaa,-0.02321841
2021-02,corp_aaa,-0.03282142
2021-03,corp_aaa,-0.01971965
2021-04,corp_aaa,0.01486508
2021-05,corp_aaa,0.00636841
2021-06,corp_aaa,0.0264726
2021-07,corp_aaa,0.01579759
2021-08,corp_aaa,-0.00232646
2021-09,corp_aaa,-0.01740045
2021-10,corp_aaa,0.00892523
2021-11,corp_aaa,0.00525407
2021-12,corp_aaa,-0.0044636
2022-01,corp_aaa,-0.04383982
2022-02,corp_aaa,-0.01925107
2022-03,corp_aaa,-0.02417861
2022-04,corp_aaa,-0.06414283
2022-05,corp_aaa,0.00894961
2022-06,corp_aaa,-0.0187901
2022-07,corp_aaa,0.0360097
2022-08,corp_aaa,-0.03952822
2022-09,corp_aaa,-0.06223218
2022-10,corp_aaa,-0.01774498
2022-11,corp_aaa,0.05465694
2022-12,corp_aaa,-0.01098833
2023-01,corp_aaa,0.04234564
2023-02,corp_aaa,-0.03444157
2023-03,corp_aaa,0.0386922
2023-04,corp_aaa,0.00795972
2023-05,corp_aaa,-0.01761838
2023-06,corp_aaa,0.00066987
2023-07,corp_aaa,-0.00448819
2023-08,corp_aaa,-0.01085079
2023-09,corp_aaa,-0.03709655
2023-10,corp_aaa,-0.02540034
2023-11,corp_aaa,0.06730437
2023-12,corp_aaa,0.04226634
2024-01,corp_aaa,-0.00423284
2024-02,corp_aaa,-0.01899496
2024-03,corp_aaa,0.01221157
2024-04,corp_aaa,-0.03505516
2024-05,corp_aaa,0.01856764
2024-06,corp_aaa,0.00896991
2024-07,corp_aaa,0.02588562
2024-08,corp_aaa,0.01827331
2024-09,corp_aaa,0.01820546
2024-10,corp_aaa,-0.0333901
2024-11,corp_aaa,0.01140684
2024-12,corp_aaa,-0.02679479
2025-01,corp_aaa,0.00407171
2025-02,corp_aaa,0.02602457
2025-03,corp_aaa,-0.00409711
2025-04,corp_aaa,0.0002762
2025-05,corp_aaa,-0.00784781
2025-06,corp_aaa,0.01779724
2025-07,corp_aaa,-0.00223073
2025-08,corp_aaa,0.0081784
2025-09,corp_aaa,0.02025867
2025-10,corp_aaa,0.00424893
2025-11,corp_aaa,0.00805697
2025-12,corp_aaa,-0.01315935
2016-01,corp_aa,0.0
2016-02,corp_aa,0.00719874
2016-03,corp_aa,0.01847198
2016-04,corp_aa,0.00711379
2016-05,corp_aa,-0.00055681
2016-06,corp_aa,0.01997676
2016-07,corp_aa,0.00892662
2016-08,corp_aa,0.00024749
2016-09,corp_aa,-0.00366499
2016-10,corp_aa,-0.00988685
2016-11,corp_aa,-0.02421934
2016-12,corp_aa,0.00382348
2017-01,corp_aa,0.0024806
2017-02,corp_aa,0.00900383
2017-03,corp_aa,-0.00134485
2017-04,corp_aa,0.00852358
2017-05,corp_aa,0.00867147
2017-06,corp_aa,0.00149512
2017-07,corp_aa,0.00573828
2017-08,corp_aa,0.00865881
2017-09,corp_aa,-0.0041696
2017-10,corp_aa,0.00321727
2017-11,corp_aa,-0.00217888
2017-12,corp_aa,0.00742746
2018-01,corp_aa,-0.01128038
2018-02,corp_aa,-0.01153258
2018-03,corp_aa,0.00399838
2018-04,corp_aa,-0.00681373
2018-05,corp_aa,0.00722073
2018-06,corp_aa,-0.004432
2018-07,corp_aa,0.00354577
2018-08,corp_aa,0.00695752
2018-09,corp_aa,-0.00452901
2018-10,corp_aa,-0.00995326
2018-11,corp_aa,0.0037798
2018-12,corp_aa,0.01810909
2019-01,corp_aa,0.01536219
2019-02,corp_aa,0.00046855
2019-03,corp_aa,0.02113548
2019-04,corp_aa,-0.00032549
2019-05,corp_aa,0.01752283
2019-06,corp_aa,0.01780286
2019-07,corp_aa,0.00495877
2019-08,corp_aa,0.03219385
2019-09,corp_aa,-0.00713617
2019-10,corp_aa,0.00374636
2019-11,corp_aa,-0.0002903
2019-12,corp_aa,-0.00188056
2020-01,corp_aa,0.02360667
2020-02,corp_aa,0.01722901
2020-03,corp_aa,-0.03296966
2020-04,corp_aa,0.03490548
2020-05,corp_aa,0.01360029
2020-06,corp_aa,0.0090239
2020-07,corp_aa,0.03040426
2020-08,corp_aa,-0.01824168
2020-09,corp_aa,-0.00232579
2020-10,corp_aa,-0.00799825
2020-11,corp_aa,0.02386362
2020-12,corp_aa,0.00204162
2021-01,corp_aa,-0.01554037
2021-02,corp_aa,-0.02416701
2021-03,corp_aa,-0.01414796
2021-04,corp_aa,0.01366953
2021-05,corp_aa,0.00622191
2021-06,corp_aa,0.01704374
2021-07,corp_aa,0.01258469
2021-08,corp_aa,-0.00225159
2021-09,corp_aa,-0.01132162
2021-10,corp_aa,0.00522271
2021-11,corp_aa,0.00288643
2021-12,corp_aa,-0.00378633
2022-01,corp_aa,-0.03253724
2022-02,corp_aa,-0.01880657
2022-03,corp_aa,-0.02552449
2022-04,corp_aa,-0.05101191
2022-05,corp_aa,0.00574839
2022-06,corp_aa,-0.0188918
2022-07,corp_aa,0.03121804
2022-08,corp_aa,-0.03057484
2022-09,corp_aa,-0.05526394
2022-10,corp_aa,-0.01527161
2022-11,corp_aa,0.04816704
2022-12,corp_aa,-0.00520057
2023-01,corp_aa,0.03526445
2023-02,corp_aa,-0.02880683
2023-03,corp_aa,0.0302846
2023-04,corp_aa,0.00796836
2023-05,corp_aa,-0.01462493
2023-06,corp_aa,0.00025257
2023-07,corp_aa,4.456e-05
2023-08,corp_aa,-0.00732225
2023-09,corp_aa,-0.02690167
2023-10,corp_aa,-0.01903503
2023-11,corp_aa,0.0542163
2023-12,corp_aa,0.03786854
2024-01,corp_aa,-0.00179068
2024-02,corp_aa,-0.01473859
2024-03,corp_aa,0.0105165
2024-04,corp_aa,-0.02580143
2024-05,corp_aa,0.01701536
2024-06,corp_aa,0.00648859
2024-07,corp_aa,0.02356104
2024-08,corp_aa,0.01608484
2024-09,corp_aa,0.01621937
2024-10,corp_aa,-0.02560245
2024-11,corp_aa,0.01042866
2024-12,corp_aa,-0.0193224
2025-01,corp_aa,0.00526927
2025-02,corp_aa,0.02150204
2025-03,corp_aa,-0.00259325
2025-04,corp_aa,0.00120319
2025-05,corp_aa,-0.00443401
2025-06,corp_aa,0.01598357
2025-07,corp_aa,-0.00025947
2025-08,corp_aa,0.00941167
2025-09,corp_aa,0.01412796
2025-10,corp_aa,0.00441687
2025-11,corp_aa,0.00587212
2025-12,corp_aa,-0.00643218
2016-01,corp_a,0.0
2016-02,corp_a,0.00746884
2016-03,corp_a,0.01989517
2016-04,corp_a,0.00993873
2016-05,corp_a,-0.00068764
2016-06,corp_a,0.02001651
2016-07,corp_a,0.01299753
2016-08,corp_a,0.00073995
2016-09,corp_a,-0.00374139
2016-10,corp_a,-0.00935148
2016-11,corp_a,-0.02602676
2016-12,corp_a,0.00399988
2017-01,corp_a,0.00295731
2017-02,corp_a,0.01025132
2017-03,corp_a,-0.00176935
2017-04,corp_a,0.00918057
2017-05,corp_a,0.01091346
2017-06,corp_a,0.00233138
2017-07,corp_a,0.00640009
2017-08,corp_a,0.00943605
2017-09,corp_a,-0.0038208
2017-10,corp_a,0.00396721
2017-11,corp_a,-0.0011665
2017-12,corp_a,0.00814587
2018-01,corp_a,-0.01171462
2018-02,corp_a,-0.01475458
2018-03,corp_a,0.00264712
2018-04,corp_a,-0.00824669
2018-05,corp_a,0.0055784
2018-06,corp_a,-0.00504179
2018-07,corp_a,0.00551578
2018-08,corp_a,0.00670453
2018-09,corp_a,-0.00506505
2018-10,corp_a,-0.01117609
2018-11,corp_a,-0.00012008
2018-12,corp_a,0.01660287
2019-01,corp_a,0.01931454
2019-02,corp_a,0.00286836
2019-03,corp_a,0.02314126
2019-04,corp_a,0.00295077
2019-05,corp_a,0.01654044
2019-06,corp_a,0.02128426
2019-07,corp_a,0.00557288
2019-08,corp_a,0.03184962
2019-09,corp_a,-0.00806294
2019-10,corp_a,0.00513793
2019-11,corp_a,0.00174321
2019-12,corp_a,0.00060187
2020-01,corp_a,0.02442628
2020-02,corp_a,0.01618524
2020-03,corp_a,-0.05068395
2020-04,corp_a,0.0454774
2020-05,corp_a,0.01106147
2020-06,corp_a,0.01647327
2020-07,corp_a,0.0309225
2020-08,corp_a,-0.01450176
2020-09,corp_a,-0.00275152
2020-10,corp_a,-0.00272264
2020-11,corp_a,0.02134091
2020-12,corp_a,0.00211217
2021-01,corp_a,-0.01372995
2021-02,corp_a,-0.02048923
2021-03,corp_a,-0.01566679
2021-04,corp_a,0.01169605
2021-05,corp_a,0.00627553
2021-06,corp_a,0.01525272
2021-07,corp_a,0.01163115
2021-08,corp_a,-0.00211984
2021-09,corp_a,-0.0112338
2021-10,corp_a,0.00205137
2021-11,corp_a,0.00174433
2021-12,corp_a,-0.00245474
2022-01,corp_a,-0.02959003
2022-02,corp_a,-0.01971194
2022-03,corp_a,-0.02424976
2022-04,corp_a,-0.04726271
2022-05,corp_a,0.00688114
2022-06,corp_a,-0.02018923
2022-07,corp_a,0.02795532
2022-08,corp_a,-0.02700584
2022-09,corp_a,-0.05182952
2022-10,corp_a,-0.01295143
2022-11,corp_a,0.04700836
2022-12,corp_a,-0.00228246
2023-01,corp_a,0.03677338
2023-02,corp_a,-0.02813678
2023-03,corp_a,0.02476309
2023-04,corp_a,0.00854571
2023-05,corp_a,-0.01309883
2023-06,corp_a,0.00100928
2023-07,corp_a,0.00349438
2023-08,corp_a,-0.00693689
2023-09,corp_a,-0.02519716
2023-10,corp_a,-0.01791478
2023-11,corp_a,0.05460889
2023-12,corp_a,0.039385
2024-01,corp_a,0.00092453
2024-02,corp_a,-0.01430381
2024-03,corp_a,0.01105756
2024-04,corp_a,-0.02351508
2024-05,corp_a,0.01795254
2024-06,corp_a,0.00635373
2024-07,corp_a,0.02363966
2024-08,corp_a,0.01506394
2024-09,corp_a,0.01742631
2024-10,corp_a,-0.02322524
2024-11,corp_a,0.0110107
2024-12,corp_a,-0.0180034
2025-01,corp_a,0.00596483
2025-02,corp_a,0.02004723
2025-03,corp_a,-0.00191248
2025-04,corp_a,0.00151274
2025-05,corp_a,-0.00171185
2025-06,corp_a,0.01753877
2025-07,corp_a,0.00122675
2025-08,corp_a,0.01043317
2025-09,corp_a,0.01357128
2025-10,corp_a,0.00511172
2025-11,corp_a,0.0066968
2025-12,corp_a,-0.0034993
2016-01,corp_bbb,0.0
2016-02,corp_bbb,0.00696988
2016-03,corp_bbb,0.03696238
2016-04,corp_bbb,0.01905953
2016-05,corp_bbb,-0.00066701
2016-06,corp_bbb,0.02386832
2016-07,corp_bbb,0.01731444
2016-08,corp_bbb,0.00528022
2016-09,corp_bbb,-0.00170833
2016-10,corp_bbb,-0.00658962
2016-11,corp_bbb,-0.02787026
2016-12,corp_bbb,0.00884675
2017-01,corp_bbb,0.00575436
2017-02,corp_bbb,0.01258976
2017-03,corp_bbb,-0.00073364
2017-04,corp_bbb,0.01092249
2017-05,corp_bbb,0.01275387
2017-06,corp_bbb,0.00262936
2017-07,corp_bbb,0.00888376
2017-08,corp_bbb,0.00743744
2017-09,corp_bbb,-0.00058023
2017-10,corp_bbb,0.00433574
2017-11,corp_bbb,-0.001562
2017-12,corp_bbb,0.00888161
2018-01,corp_bbb,-0.00634921
2018-02,corp_bbb,-0.01564266
2018-03,corp_bbb,0.00116095
2018-04,corp_bbb,-0.00891521
2018-05,corp_bbb,0.00283072
2018-06,corp_bbb,-0.00597165
2018-07,corp_bbb,0.00983164
2018-08,corp_bbb,0.00413683
2018-09,corp_bbb,-0.00138156
2018-10,corp_bbb,-0.01589122
2018-11,corp_bbb,-0.0047367
2018-12,corp_bbb,0.01283976
2019-01,corp_bbb,0.02314274
2019-02,corp_bbb,0.00507153
2019-03,corp_bbb,0.02672026
2019-04,corp_bbb,0.00903195
2019-05,corp_bbb,0.01165177
2019-06,corp_bbb,0.0252384
2019-07,corp_bbb,0.00770919
2019-08,corp_bbb,0.02818618
2019-09,corp_bbb,-0.00425798
2019-10,corp_bbb,0.00740618
2019-11,corp_bbb,0.00296476
2019-12,corp_bbb,0.00627195
2020-01,corp_bbb,0.02298028
2020-02,corp_bbb,0.00919755
2020-03,corp_bbb,-0.10300186
2020-04,corp_bbb,0.06285774
2020-05,corp_bbb,0.02403057
2020-06,corp_bbb,0.02545627
2020-07,corp_bbb,0.03210278
2020-08,corp_bbb,-0.00765158
2020-09,corp_bbb,-0.00272379
2020-10,corp_bbb,0.00036964
2020-11,corp_bbb,0.03133596
2020-12,corp_bbb,0.0077129
2021-01,corp_bbb,-0.01017224
2021-02,corp_bbb,-0.01773991
2021-03,corp_bbb,-0.01223996
2021-04,corp_bbb,0.01172321
2021-05,corp_bbb,0.00772491
2021-06,corp_bbb,0.01738902
2021-07,corp_bbb,0.01227359
2021-08,corp_bbb,-0.00180207
2021-09,corp_bbb,-0.00974284
2021-10,corp_bbb,0.00222931
2021-11,corp_bbb,-0.00017795
2021-12,corp_bbb,-0.00070203
2022-01,corp_bbb,-0.0320391
2022-02,corp_bbb,-0.02405291
2022-03,corp_bbb,-0.02832214
2022-04,corp_bbb,-0.05110543
2022-05,corp_bbb,0.00394193
2022-06,corp_bbb,-0.02710042
2022-07,corp_bbb,0.03028611
2022-08,corp_bbb,-0.02527544
2022-09,corp_bbb,-0.05355261
2022-10,corp_bbb,-0.00877375
2022-11,corp_bbb,0.05105921
2022-12,corp_bbb,-0.00123326
2023-01,corp_bbb,0.04121832
2023-02,corp_bbb,-0.02991868
2023-03,corp_bbb,0.02527622
2023-04,corp_bbb,0.00850537
2023-05,corp_bbb,-0.01317404
2023-06,corp_bbb,0.00498625
2023-07,corp_bbb,0.00602875
2023-08,corp_bbb,-0.0065569
2023-09,corp_bbb,-0.02315172
2023-10,corp_bbb,-0.01817653
2023-11,corp_bbb,0.05819228
2023-12,corp_bbb,0.04180658
2024-01,corp_bbb,0.00264303
2024-02,corp_bbb,-0.01342677
2024-03,corp_bbb,0.01282748
2024-04,corp_bbb,-0.02237021
2024-05,corp_bbb,0.01931705
2024-06,corp_bbb,0.00632775
2024-07,corp_bbb,0.02355847
2024-08,corp_bbb,0.01534765
2024-09,corp_bbb,0.01717361
2024-10,corp_bbb,-0.02099076
2024-11,corp_bbb,0.01314348
2024-12,corp_bbb,-0.01704233
2025-01,corp_bbb,0.00630843
2025-02,corp_bbb,0.02008517
2025-03,corp_bbb,-0.003568
2025-04,corp_bbb,-0.00224179
2025-05,corp_bbb,0.00269416
2025-06,corp_bbb,0.0191633
2025-07,corp_bbb,0.00213896
2025-08,corp_bbb,0.01104923
2025-09,corp_bbb,0.01469895
2025-10,corp_bbb,0.00378359
2025-11,corp_bbb,0.00605406
2025-12,corp_bbb,-0.00197394
2016-01,corp_1_3y,0.0
2016-02,corp_1_3y,0.00095858
2016-03,corp_1_3y,0.00845933
2016-04,corp_1_3y,0.00412114
2016-05,corp_1_3y,0.00015156
2016-06,corp_1_3y,0.00607964
2016-07,corp_1_3y,0.00225931
2016-08,corp_1_3y,0.00032461
2016-09,corp_1_3y,0.00076919
2016-10,corp_1_3y,0.00047437
2016-11,corp_1_3y,-0.00423729
2016-12,corp_1_3y,0.00163944
2017-01,corp_1_3y,0.00287035
2017-02,corp_1_3y,0.00336615
2017-03,corp_1_3y,0.0007834
2017-04,corp_1_3y,0.00255152
2017-05,corp_1_3y,0.0027298
2017-06,corp_1_3y,0.0007014
2017-07,corp_1_3y,0.00397377
2017-08,corp_1_3y,0.00202339
2017-09,corp_1_3y,0.00011809
2017-10,corp_1_3y,0.00087965
2017-11,corp_1_3y,-0.00215886
2017-12,corp_1_3y,0.00108176
2018-01,corp_1_3y,-0.00174194
2018-02,corp_1_3y,-0.00225961
2018-03,corp_1_3y,0.00018379
2018-04,corp_1_3y,0.00093062
2018-05,corp_1_3y,0.00377823
2018-06,corp_1_3y,-1.18e-05
2018-07,corp_1_3y,0.00232451
2018-08,corp_1_3y,0.00413792
2018-09,corp_1_3y,0.00073273
2018-10,corp_1_3y,0.00021673
2018-11,corp_1_3y,0.00086673
2018-12,corp_1_3y,0.00697464
2019-01,corp_1_3y,0.00703092
2019-02,corp_1_3y,0.00350246
2019-03,corp_1_3y,0.00780846
2019-04,corp_1_3y,0.00325209
2019-05,corp_1_3y,0.00559025
2019-06,corp_1_3y,0.00707479
2019-07,corp_1_3y,0.00120173
2019-08,corp_1_3y,0.00759437
2019-09,corp_1_3y,0.00117455
2019-10,corp_1_3y,0.00441467
2019-11,corp_1_3y,0.0009023
2019-12,corp_1_3y,0.00346769
2020-01,corp_1_3y,0.00570991
2020-02,corp_1_3y,0.00576517
2020-03,corp_1_3y,-0.02794139
2020-04,corp_1_3y,0.02372771
2020-05,corp_1_3y,0.01150948
2020-06,corp_1_3y,0.00807106
2020-07,corp_1_3y,0.00499396
2020-08,corp_1_3y,0.00251663
2020-09,corp_1_3y,-0.00011725
2020-10,corp_1_3y,0.00181233
2020-11,corp_1_3y,0.00340527
2020-12,corp_1_3y,0.00215289
2021-01,corp_1_3y,0.00057146
2021-02,corp_1_3y,0.00039662
2021-03,corp_1_3y,-0.00081407
2021-04,corp_1_3y,0.00207387
2021-05,corp_1_3y,0.00213293
2021-06,corp_1_3y,-0.00080078
2021-07,corp_1_3y,0.0016872
2021-08,corp_1_3y,0.00042635
2021-09,corp_1_3y,-0.00028938
2021-10,corp_1_3y,-0.00326827
2021-11,corp_1_3y,-0.00154181
2021-12,corp_1_3y,-0.00066633
2022-01,corp_1_3y,-0.00749325
2022-02,corp_1_3y,-0.00770445
2022-03,corp_1_3y,-0.01666765
2022-04,corp_1_3y,-0.00728934
2022-05,corp_1_3y,0.00577411
2022-06,corp_1_3y,-0.00856492
2022-07,corp_1_3y,0.00746866
2022-08,corp_1_3y,-0.00575311
2022-09,corp_1_3y,-0.01453213
2022-10,corp_1_3y,-0.0022704
2022-11,corp_1_3y,0.013177
2022-12,corp_1_3y,0.00304257
2023-01,corp_1_3y,0.01042919
2023-02,corp_1_3y,-0.00631519
2023-03,corp_1_3y,0.0087832
2023-04,corp_1_3y,0.00597873
2023-05,corp_1_3y,-0.00177538
2023-06,corp_1_3y,-0.00136644
2023-07,corp_1_3y,0.00677095
2023-08,corp_1_3y,0.00302563
2023-09,corp_1_3y,-0.00067213
2023-10,corp_1_3y,0.00220606
2023-11,corp_1_3y,0.01460309
2023-12,corp_1_3y,0.01322877
2024-01,corp_1_3y,0.0052642
2024-02,corp_1_3y,-0.00201569
2024-03,corp_1_3y,0.00521077
2024-04,corp_1_3y,-0.00200411
2024-05,corp_1_3y,0.0081
2024-06,corp_1_3y,0.00495169
2024-07,corp_1_3y,0.01274336
2024-08,corp_1_3y,0.00939174
2024-09,corp_1_3y,0.00911396
2024-10,corp_1_3y,-0.00442397
2024-11,corp_1_3y,0.00432892
2024-12,corp_1_3y,0.00220479
2025-01,corp_1_3y,0.00514309
2025-02,corp_1_3y,0.00717236
2025-03,corp_1_3y,0.00402316
2025-04,corp_1_3y,0.00560108
2025-05,corp_1_3y,0.00167727
2025-06,corp_1_3y,0.00731245
2025-07,corp_1_3y,0.00135482
2025-08,corp_1_3y,0.00884242
2025-09,corp_1_3y,0.00425643
2025-10,corp_1_3y,0.00343333
2025-11,corp_1_3y,0.00470527
2025-12,corp_1_3y,0.0038706
2016-01,hy_broad,0.0
2016-02,hy_broad,0.00464568
2016-03,hy_broad,0.04420812
2016-04,hy_broad,0.03995271
2016-05,hy_broad,0.00722139
2016-06,hy_broad,0.01083306
2016-07,hy_broad,0.02525946
2016-08,hy_broad,0.02228054
2016-09,hy_broad,0.00646164
2016-10,hy_broad,0.00313199
2016-11,hy_broad,-0.00394385
2016-12,hy_broad,0.01966709
2017-01,hy_broad,0.01342905
2017-02,hy_broad,0.01560386
2017-03,hy_broad,-0.0021015
2017-04,hy_broad,0.01133386
2017-05,hy_broad,0.00892777
2017-06,hy_broad,0.00105633
2017-07,hy_broad,0.01153428
2017-08,hy_broad,-0.00025678
2017-09,hy_broad,0.00898168
2017-10,hy_broad,0.00385821
2017-11,hy_broad,-0.00267848
2017-12,hy_broad,0.0029161
2018-01,hy_broad,0.00640944
2018-02,hy_broad,-0.00932071
2018-03,hy_broad,-0.00617426
2018-04,hy_broad,0.00665238
2018-05,hy_broad,-0.00015091
2018-06,hy_broad,0.0034477
2018-07,hy_broad,0.0111784
2018-08,hy_broad,0.00724201
2018-09,hy_broad,0.00580636
2018-10,hy_broad,-0.01637571
2018-11,hy_broad,-0.00907448
2018-12,hy_broad,-0.02191477
2019-01,hy_broad,0.04593024
2019-02,hy_broad,0.01688019
2019-03,hy_broad,0.00980146
2019-04,hy_broad,0.0139934
2019-05,hy_broad,-0.01271354
2019-06,hy_broad,0.02451805
2019-07,hy_broad,0.00512183
2019-08,hy_broad,0.00390233
2019-09,hy_broad,0.00317245
2019-10,hy_broad,0.00231911
2019-11,hy_broad,0.00273442
2019-12,hy_broad,0.02090431
2020-01,hy_broad,4.251e-05
2020-02,hy_broad,-0.01550179
2020-03,hy_broad,-0.11759033
2020-04,hy_broad,0.03800452
2020-05,hy_broad,0.04574275
2020-06,hy_broad,0.00974463
2020-07,hy_broad,0.04777672
2020-08,hy_broad,0.00984256
2020-09,hy_broad,-0.01042172
2020-10,hy_broad,0.00467592
2020-11,hy_broad,0.04002716
2020-12,hy_broad,0.0190699
2021-01,hy_broad,0.0038307
2021-02,hy_broad,0.00348367
2021-03,hy_broad,0.00170266
2021-04,hy_broad,0.01096583
2021-05,hy_broad,0.00288509
2021-06,hy_broad,0.01366637
2021-07,hy_broad,0.00355876
2021-08,hy_broad,0.00545709
2021-09,hy_broad,0.00033164
2021-10,hy_broad,-0.0017788
2021-11,hy_broad,-0.01024475
2021-12,hy_broad,0.01881082
2022-01,hy_broad,-0.02748941
2022-02,hy_broad,-0.00898143
2022-03,hy_broad,-0.00924685
2022-04,hy_broad,-0.03637739
2022-05,hy_broad,0.00249881
2022-06,hy_broad,-0.06806196
2022-07,hy_broad,0.06022694
2022-08,hy_broad,-0.02394818
2022-09,hy_broad,-0.04021417
2022-10,hy_broad,0.02846439
2022-11,hy_broad,0.01871795
2022-12,hy_broad,-0.0075337
2023-01,hy_broad,0.03909594
2023-02,hy_broad,-0.0129353
2023-03,hy_broad,0.01125456
2023-04,hy_broad,0.00965044
2023-05,hy_broad,-0.00949688
2023-06,hy_broad,0.01628024
2023-07,hy_broad,0.0142395
2023-08,hy_broad,0.00285596
2023-09,hy_broad,-0.01163085
2023-10,hy_broad,-0.01238034
2023-11,hy_broad,0.04548646
2023-12,hy_broad,0.0368767
2024-01,hy_broad,0.00018235
2024-02,hy_broad,0.00296113
2024-03,hy_broad,0.0119161
2024-04,hy_broad,-0.01000415
2024-05,hy_broad,0.01135041
2024-06,hy_broad,0.00965155
2024-07,hy_broad,0.01962106
2024-08,hy_broad,0.01590803
2024-09,hy_broad,0.01634515
2024-10,hy_broad,-0.00550627
2024-11,hy_broad,0.01145396
2024-12,hy_broad,-0.00428782
2025-01,hy_broad,0.01380801
2025-02,hy_broad,0.00650043
2025-03,hy_broad,-0.0107356
2025-04,hy_broad,2.303e-05
2025-05,hy_broad,0.01682182
2025-06,hy_broad,0.01855343
2025-07,hy_broad,0.0040133
2025-08,hy_broad,0.01218
2025-09,hy_broad,0.00763576
2025-10,hy_broad,0.00196504
2025-11,hy_broad,0.0049734
2025-12,hy_broad,0.00650135
2016-01,hy_bb,0.0
2016-02,hy_bb,0.01199127
2016-03,hy_bb,0.03292653
2016-04,hy_bb,0.02875796
2016-05,hy_bb,0.00202975
2016-06,hy_bb,0.00917949
2016-07,hy_bb,0.02322272
2016-08,hy_bb,0.01549464
2016-09,hy_bb,0.00310544
2016-10,hy_bb,0.00182824
2016-11,hy_bb,-0.0091732
2016-12,hy_bb,0.01429238
2017-01,hy_bb,0.01019296
2017-02,hy_bb,0.01114466
2017-03,hy_bb,-0.00130366
2017-04,hy_bb,0.01302986
2017-05,hy_bb,0.00855141
2017-06,hy_bb,0.00408846
2017-07,hy_bb,0.01011012
2017-08,hy_bb,0.00254231
2017-09,hy_bb,0.00769899
2017-10,hy_bb,0.003378
2017-11,hy_bb,-0.00065525
2017-12,hy_bb,0.00072351
2018-01,hy_bb,0.00112966
2018-02,hy_bb,-0.01159983
2018-03,hy_bb,-0.00609631
2018-04,hy_bb,0.00213646
2018-05,hy_bb,-0.00350732
2018-06,hy_bb,0.00018403
2018-07,hy_bb,0.01131607
2018-08,hy_bb,0.00900614
2018-09,hy_bb,0.00308795
2018-10,hy_bb,-0.01361706
2018-11,hy_bb,-0.00271089
2018-12,hy_bb,-0.01386541
2019-01,hy_bb,0.04296866
2019-02,hy_bb,0.01627948
2019-03,hy_bb,0.01309032
2019-04,hy_bb,0.0108072
2019-05,hy_bb,-0.00725581
2019-06,hy_bb,0.02801006
2019-07,hy_bb,0.00593869
2019-08,hy_bb,0.01168253
2019-09,hy_bb,0.00279444
2019-10,hy_bb,0.00551184
2019-11,hy_bb,0.00556314
2019-12,hy_bb,0.01248328
2020-01,hy_bb,0.00354269
2020-02,hy_bb,-0.01408086
2020-03,hy_bb,-0.09269112
2020-04,hy_bb,0.04782502
2020-05,hy_bb,0.03770534
2020-06,hy_bb,0.01031414
2020-07,hy_bb,0.05002943
2020-08,hy_bb,0.00633988
2020-09,hy_bb,-0.01421328
2020-10,hy_bb,0.00496844
2020-11,hy_bb,0.03606119
2020-12,hy_bb,0.0154943
2021-01,hy_bb,0.00047911
2021-02,hy_bb,0.00023944
2021-03,hy_bb,-0.0028542
2021-04,hy_bb,0.01117246
2021-05,hy_bb,0.00250201
2021-06,hy_bb,0.01508389
2021-07,hy_bb,0.00719657
2021-08,hy_bb,0.00566623
2021-09,hy_bb,-0.00212615
2021-10,hy_bb,-0.0015625
2021-11,hy_bb,-0.00937189
2021-12,hy_bb,0.01831074
2022-01,hy_bb,-0.03275452
2022-02,hy_bb,-0.00993311
2022-03,hy_bb,-0.0117816
2022-04,hy_bb,-0.03727506
2022-05,hy_bb,0.01549893
2022-06,hy_bb,-0.06533669
2022-07,hy_bb,0.06229996
2022-08,hy_bb,-0.02995644
2022-09,hy_bb,-0.03814196
2022-10,hy_bb,0.02686137
2022-11,hy_bb,0.02143172
2022-12,hy_bb,-0.00527492
2023-01,hy_bb,0.03355215
2023-02,hy_bb,-0.01842492
2023-03,hy_bb,0.01892622
2023-04,hy_bb,0.00696073
2023-05,hy_bb,-0.01106019
2023-06,hy_bb,0.01200735
2023-07,hy_bb,0.01152427
2023-08,hy_bb,-0.00043028
2023-09,hy_bb,-0.01433625
2023-10,hy_bb,-0.00685465
2023-11,hy_bb,0.0468033
2023-12,hy_bb,0.03251023
2024-01,hy_bb,0.00076063
2024-02,hy_bb,-0.00242156
2024-03,hy_bb,0.01263333
2024-04,hy_bb,-0.00972861
2024-05,hy_bb,0.01229791
2024-06,hy_bb,0.01073467
2024-07,hy_bb,0.01590509
2024-08,hy_bb,0.01545209
2024-09,hy_bb,0.01088121
2024-10,hy_bb,-0.00892591
2024-11,hy_bb,0.01052684
2024-12,hy_bb,-0.00651487
2025-01,hy_bb,0.01291547
2025-02,hy_bb,0.00718053
2025-03,hy_bb,-0.00556317
2025-04,hy_bb,0.00168977
2025-05,hy_bb,0.01523142
2025-06,hy_bb,0.01739046
2025-07,hy_bb,0.00164907
2025-08,hy_bb,0.01203103
2025-09,hy_bb,0.00791491
2025-10,hy_bb,0.00462474
2025-11,hy_bb,0.00636451
2025-12,hy_bb,0.00465109
2016-01,hy_b,0.0
2016-02,hy_b,0.00336602
2016-03,hy_b,0.0398556
2016-04,hy_b,0.03987095
2016-05,hy_b,0.00505834
2016-06,hy_b,0.00842169
2016-07,hy_b,0.02618533
2016-08,hy_b,0.026425
2016-09,hy_b,0.00698108
2016-10,hy_b,0.00056465
2016-11,hy_b,0.00021946
2016-12,hy_b,0.02024888
2017-01,hy_b,0.01318013
2017-02,hy_b,0.01507065
2017-03,hy_b,-0.00167289
2017-04,hy_b,0.01131093
2017-05,hy_b,0.00795929
2017-06,hy_b,-0.00170258
2017-07,hy_b,0.01082098
2017-08,hy_b,-0.00090179
2017-09,hy_b,0.00797787
2017-10,hy_b,0.0055172
2017-11,hy_b,-0.00525711
2017-12,hy_b,0.00349438
2018-01,hy_b,0.00820191
2018-02,hy_b,-0.00773556
2018-03,hy_b,-0.00500547
2018-04,hy_b,0.00945415
2018-05,hy_b,0.00103108
2018-06,hy_b,0.00460645
2018-07,hy_b,0.0101105
2018-08,hy_b,0.00656949
2018-09,hy_b,0.00722689
2018-10,hy_b,-0.01582402
2018-11,hy_b,-0.00873153
2018-12,hy_b,-0.02471494
2019-01,hy_b,0.04585976
2019-02,hy_b,0.01674026
2019-03,hy_b,0.0087958
2019-04,hy_b,0.0151222
2019-05,hy_b,-0.01414537
2019-06,hy_b,0.02338751
2019-07,hy_b,0.00585293
2019-08,hy_b,0.00198371
2019-09,hy_b,0.00435552
2019-10,hy_b,0.00052565
2019-11,hy_b,0.00669854
2019-12,hy_b,0.02095347
2020-01,hy_b,-0.00293922
2020-02,hy_b,-0.01473943
2020-03,hy_b,-0.12548132
2020-04,hy_b,0.03311219
2020-05,hy_b,0.05497322
2020-06,hy_b,0.00111915
2020-07,hy_b,0.04577926
2020-08,hy_b,0.00935993
2020-09,hy_b,-0.00901483
2020-10,hy_b,0.0048221
2020-11,hy_b,0.03447471
2020-12,hy_b,0.01702651
2021-01,hy_b,0.00216973
2021-02,hy_b,0.00423166
2021-03,hy_b,0.00534078
2021-04,hy_b,0.00982065
2021-05,hy_b,0.00171336
2021-06,hy_b,0.00944351
2021-07,hy_b,-9.546e-05
2021-08,hy_b,0.0047735
2021-09,hy_b,0.00218538
2021-10,hy_b,-0.00151695
2021-11,hy_b,-0.01030243
2021-12,hy_b,0.02026768
2022-01,hy_b,-0.02195735
2022-02,hy_b,-0.00754753
2022-03,hy_b,-0.00542517
2022-04,hy_b,-0.03380007
2022-05,hy_b,-0.00579681
2022-06,hy_b,-0.07037291
2022-07,hy_b,0.06051103
2022-08,hy_b,-0.02339933
2022-09,hy_b,-0.04012638
2022-10,hy_b,0.0340959
2022-11,hy_b,0.02000053
2022-12,hy_b,-0.01087041
2023-01,hy_b,0.03959511
2023-02,hy_b,-0.01016666
2023-03,hy_b,0.00876364
2023-04,hy_b,0.01023251
2023-05,hy_b,-0.00827358
2023-06,hy_b,0.01653352
2023-07,hy_b,0.01467297
2023-08,hy_b,0.00480392
2023-09,hy_b,-0.00983023
2023-10,hy_b,-0.01317961
2023-11,hy_b,0.04436068
2023-12,hy_b,0.03611808
2024-01,hy_b,0.00057675
2024-02,hy_b,0.00373521
2024-03,hy_b,0.0104059
2024-04,hy_b,-0.00857091
2024-05,hy_b,0.00963104
2024-06,hy_b,0.00935747
2024-07,hy_b,0.01777638
2024-08,hy_b,0.01521081
2024-09,hy_b,0.01178162
2024-10,hy_b,-0.00447697
2024-11,hy_b,0.01111303
2024-12,hy_b,-0.00316469
2025-01,hy_b,0.01420052
2025-02,hy_b,0.00609137
2025-03,hy_b,-0.01307602
2025-04,hy_b,-0.00059643
2025-05,hy_b,0.0143868
2025-06,hy_b,0.02061227
2025-07,hy_b,0.00450858
2025-08,hy_b,0.01145656
2025-09,hy_b,0.0081253
2025-10,hy_b,-0.00056278
2025-11,hy_b,0.00705882
2025-12,hy_b,0.00896637
2016-01,hy_ccc,0.0
2016-02,hy_ccc,-0.01981659
2016-03,hy_ccc,0.10216152
2016-04,hy_ccc,0.08156893
2016-05,hy_ccc,0.03181476
2016-06,hy_ccc,0.02343135
2016-07,hy_ccc,0.03035567
2016-08,hy_ccc,0.03590084
2016-09,hy_ccc,0.01771517
2016-10,hy_ccc,0.01575526
2016-11,hy_ccc,0.00526492
2016-12,hy_ccc,0.03745732
2017-01,hy_ccc,0.02516704
2017-02,hy_ccc,0.03193569
2017-03,hy_ccc,-0.00584795
2017-04,hy_ccc,0.00590588
2017-05,hy_ccc,0.01260789
2017-06,hy_ccc,-0.0015939
2017-07,hy_ccc,0.01830129
2017-08,hy_ccc,-0.00790693
2017-09,hy_ccc,0.01605442
2017-10,hy_ccc,0.00101431
2017-11,hy_ccc,-0.00249944
2017-12,hy_ccc,0.00882638
2018-01,hy_ccc,0.01946744
2018-02,hy_ccc,-0.0059043
2018-03,hy_ccc,-0.00969287
2018-04,hy_ccc,0.01424686
2018-05,hy_ccc,0.00859511
2018-06,hy_ccc,0.01255394
2018-07,hy_ccc,0.01420638
2018-08,hy_ccc,0.00307738
2018-09,hy_ccc,0.01098111
2018-10,hy_ccc,-0.02810682
2018-11,hy_ccc,-0.03486294
2018-12,hy_ccc,-0.04426595
2019-01,hy_ccc,0.05829209
2019-02,hy_ccc,0.01989721
2019-03,hy_ccc,-0.00032443
2019-04,hy_ccc,0.02273907
2019-05,hy_ccc,-0.0293203
2019-06,hy_ccc,0.01383895
2019-07,hy_ccc,-0.00070937
2019-08,hy_ccc,-0.02260847
2019-09,hy_ccc,0.00059424
2019-10,hy_ccc,-0.00488309
2019-11,hy_ccc,-0.02214805
2019-12,hy_ccc,0.05646601
2020-01,hy_ccc,-0.00442904
2020-02,hy_ccc,-0.02370514
2020-03,hy_ccc,-0.20195038
2020-04,hy_ccc,0.00543403
2020-05,hy_ccc,0.05851852
2020-06,hy_ccc,0.03138688
2020-07,hy_ccc,0.04244358
2020-08,hy_ccc,0.02851771
2020-09,hy_ccc,0.00426569
2020-10,hy_ccc,0.00275392
2020-11,hy_ccc,0.07473351
2020-12,hy_ccc,0.04103775
2021-01,hy_ccc,0.02363122
2021-02,hy_ccc,0.01597301
2021-03,hy_ccc,0.0116414
2021-04,hy_ccc,0.01334625
2021-05,hy_ccc,0.00796082
2021-06,hy_ccc,0.01910606
2021-07,hy_ccc,-0.00321012
2021-08,hy_ccc,0.00640281
2021-09,hy_ccc,0.00691118
2021-10,hy_ccc,-0.00370454
2021-11,hy_ccc,-0.01443914
2021-12,hy_ccc,0.01662326
2022-01,hy_ccc,-0.01889458
2022-02,hy_ccc,-0.0090244
2022-03,hy_ccc,-0.00976536
2022-04,hy_ccc,-0.04060109
2022-05,hy_ccc,-0.0316324
2022-06,hy_ccc,-0.07335566
2022-07,hy_ccc,0.04886586
2022-08,hy_ccc,0.00307706
2022-09,hy_ccc,-0.05109095
2022-10,hy_ccc,0.01727945
2022-11,hy_ccc,0.00089518
2022-12,hy_ccc,-0.00684196
2023-01,hy_ccc,0.06220451
2023-02,hy_ccc,0.00241623
2023-03,hy_ccc,-0.01532932
2023-04,hy_ccc,0.01981963
2023-05,hy_ccc,-0.00696945
2023-06,hy_ccc,0.03411645
2023-07,hy_ccc,0.02435874
2023-08,hy_ccc,0.01020837
2023-09,hy_ccc,-0.00628108
2023-10,hy_ccc,-0.03465465
2023-11,hy_ccc,0.04341719
2023-12,hy_ccc,0.05831816
2024-01,hy_ccc,-0.00389061
2024-02,hy_ccc,0.02328464
2024-03,hy_ccc,0.01262524
2024-04,hy_ccc,-0.01596535
2024-05,hy_ccc,0.01224655
2024-06,hy_ccc,0.00574901
2024-07,hy_ccc,0.03997685
2024-08,hy_ccc,0.01960273
2024-09,hy_ccc,0.05201385
2024-10,hy_ccc,0.00619446
2024-11,hy_ccc,0.01629331
2024-12,hy_ccc,0.00190292
2025-01,hy_ccc,0.01636568
2025-02,hy_ccc,0.00457837
2025-03,hy_ccc,-0.0271745
2025-04,hy_ccc,-0.00623048
2025-05,hy_ccc,0.03171651
2025-06,hy_ccc,0.01712696
2025-07,hy_ccc,0.01390481
2025-08,hy_ccc,0.0151006
2025-09,hy_ccc,0.00411242
2025-10,hy_ccc,-0.00419907
2025-11,hy_ccc,-0.00929473
2025-12,hy_ccc,0.00834782
2016-01,em_broad,0.0
2016-02,em_broad,0.0093469
2016-03,em_broad,0.02992709
2016-04,em_broad,0.01701205
2016-05,em_broad,0.00157171
2016-06,em_broad,0.02087653
2016-07,em_broad,0.01572836
2016-08,em_broad,0.0122149
2016-09,em_broad,0.00176207
2016-10,em_broad,-0.00234529
2016-11,em_broad,-0.02072982
2016-12,em_broad,0.00815647
2017-01,em_broad,0.01120221
2017-02,em_broad,0.01455674
2017-03,em_broad,0.00181986
2017-04,em_broad,0.00924073
2017-05,em_broad,0.00511282
2017-06,em_broad,-0.00018167
2017-07,em_broad,0.0079431
2017-08,em_broad,0.00994077
2017-09,em_broad,0.00270298
2017-10,em_broad,0.00411983
2017-11,em_broad,-0.00129166
2017-12,em_broad,0.00162301
2018-01,em_broad,-0.00045573
2018-02,em_broad,-0.00901745
2018-03,em_broad,-0.00092017
2018-04,em_broad,-0.006703
2018-05,em_broad,-0.004868
2018-06,em_broad,-0.00364945
2018-07,em_broad,0.01067671
2018-08,em_broad,-0.00642574
2018-09,em_broad,0.00719164
2018-10,em_broad,-0.00770535
2018-11,em_broad,-0.00240721
2018-12,em_broad,0.01136452
2019-01,em_broad,0.02360245
2019-02,em_broad,0.00987493
2019-03,em_broad,0.0158092
2019-04,em_broad,0.0058881
2019-05,em_broad,0.00619368
2019-06,em_broad,0.01815285
2019-07,em_broad,0.00867751
2019-08,em_broad,0.00674596
2019-09,em_broad,0.00282506
2019-10,em_broad,0.00786925
2019-11,em_broad,0.0030954
2019-12,em_broad,0.00877395
2020-01,em_broad,0.01472435
2020-02,em_broad,0.00287964
2020-03,em_broad,-0.09702095
2020-04,em_broad,0.03174919
2020-05,em_broad,0.03445619
2020-06,em_broad,0.02241516
2020-07,em_broad,0.02447353
2020-08,em_broad,0.0082
2020-09,em_broad,-0.00592916
2020-10,em_broad,0.0024612
2020-11,em_broad,0.02382164
2020-12,em_broad,0.01311355
2021-01,em_broad,-0.00336923
2021-02,em_broad,-0.00498534
2021-03,em_broad,-0.00688113
2021-04,em_broad,0.00500173
2021-05,em_broad,0.00618335
2021-06,em_broad,0.00663783
2021-07,em_broad,-0.00144644
2021-08,em_broad,0.00926636
2021-09,em_broad,-0.01255831
2021-10,em_broad,-0.00964005
2021-11,em_broad,-0.00489932
2021-12,em_broad,0.00307986
2022-01,em_broad,-0.02229286
2022-02,em_broad,-0.03764071
2022-03,em_broad,-0.0372745
2022-04,em_broad,-0.02692574
2022-05,em_broad,-0.00470992
2022-06,em_broad,-0.03231213
2022-07,em_broad,0.01250573
2022-08,em_broad,-0.00349659
2022-09,em_broad,-0.04271217
2022-10,em_broad,-0.0205158
2022-11,em_broad,0.05123304
2022-12,em_broad,0.01380388
2023-01,em_broad,0.02912646
2023-02,em_broad,-0.01774712
2023-03,em_broad,0.0102459
2023-04,em_broad,0.00702518
2023-05,em_broad,-0.00648489
2023-06,em_broad,0.00590911
2023-07,em_broad,0.00744746
2023-08,em_broad,-0.00766078
2023-09,em_broad,-0.01022766
2023-10,em_broad,-0.01147598
2023-11,em_broad,0.03761685
2023-12,em_broad,0.03208776
2024-01,em_broad,0.00253414
2024-02,em_broad,0.0009362
2024-03,em_broad,0.0114577
2024-04,em_broad,-0.01197522
2024-05,em_broad,0.01607469
2024-06,em_broad,0.0097179
2024-07,em_broad,0.01653477
2024-08,em_broad,0.01662479
2024-09,em_broad,0.01454329
2024-10,em_broad,-0.01115897
2024-11,em_broad,0.00681933
2024-12,em_broad,-0.00806223
2025-01,em_broad,0.00711454
2025-02,em_broad,0.01649061
2025-03,em_broad,0.00036577
2025-04,em_broad,-0.00161311
2025-05,em_broad,0.00405007
2025-06,em_broad,0.01486901
2025-07,em_broad,0.00830867
2025-08,em_broad,0.01258046
2025-09,em_broad,0.00935953
2025-10,em_broad,0.00703662
2025-11,em_broad,0.00144638
2025-12,em_broad,0.00233935
2016-01,em_high_grade,0.0
2016-02,em_high_grade,0.00876577
2016-03,em_high_grade,0.02291995
2016-04,em_high_grade,0.00985645
2016-05,em_high_grade,0.00064482
2016-06,em_high_grade,0.0178676
2016-07,em_high_grade,0.01263309
2016-08,em_high_grade,0.00969053
2016-09,em_high_grade,-0.00301154
2016-10,em_high_grade,-0.00519437
2016-11,em_high_grade,-0.0251426
2016-12,em_high_grade,0.00468664
2017-01,em_high_grade,0.00620038
2017-02,em_high_grade,0.0138217
2017-03,em_high_grade,0.00235742
2017-04,em_high_grade,0.00668726
2017-05,em_high_grade,0.00731838
2017-06,em_high_grade,0.00128538
2017-07,em_high_grade,0.00767449
2017-08,em_high_grade,0.00880691
2017-09,em_high_grade,-0.00027453
2017-10,em_high_grade,0.00252636
2017-11,em_high_grade,0.00010957
2017-12,em_high_grade,0.00098598
2018-01,em_high_grade,-0.00380322
2018-02,em_high_grade,-0.00944821
2018-03,em_high_grade,-0.000305
2018-04,em_high_grade,-0.00715593
2018-05,em_high_grade,0.00033523
2018-06,em_high_grade,0.00011171
2018-07,em_high_grade,0.00656205
2018-08,em_high_grade,0.00260771
2018-09,em_high_grade,0.00013835
2018-10,em_high_grade,-0.00893598
2018-11,em_high_grade,-0.00200988
2018-12,em_high_grade,0.01337026
2019-01,em_high_grade,0.01703056
2019-02,em_high_grade,0.00833198
2019-03,em_high_grade,0.01959465
2019-04,em_high_grade,0.00527969
2019-05,em_high_grade,0.00961109
2019-06,em_high_grade,0.01513772
2019-07,em_high_grade,0.00799406
2019-08,em_high_grade,0.02135177
2019-09,em_high_grade,-0.00174212
2019-10,em_high_grade,0.00416345
2019-11,em_high_grade,0.0012662
2019-12,em_high_grade,0.0050336
2020-01,em_high_grade,0.01598737
2020-02,em_high_grade,0.00757649
2020-03,em_high_grade,-0.07432758
2020-04,em_high_grade,0.02416163
2020-05,em_high_grade,0.02422717
2020-06,em_high_grade,0.01737447
2020-07,em_high_grade,0.02254263
2020-08,em_high_grade,0.00217116
2020-09,em_high_grade,-0.00171412
2020-10,em_high_grade,0.00214633
2020-11,em_high_grade,0.01401647
2020-12,em_high_grade,0.00598437
2021-01,em_high_grade,-0.00212289
2021-02,em_high_grade,-0.00991233
2021-03,em_high_grade,-0.00675309
2021-04,em_high_grade,0.00147391
2021-05,em_high_grade,0.00451017
2021-06,em_high_grade,0.00949973
2021-07,em_high_grade,0.00547766
2021-08,em_high_grade,0.0070775
2021-09,em_high_grade,-0.00859976
2021-10,em_high_grade,-0.00349773
2021-11,em_high_grade,0.0011934
2021-12,em_high_grade,0.0012621
2022-01,em_high_grade,-0.02107843
2022-02,em_high_grade,-0.03266805
2022-03,em_high_grade,-0.03973673
2022-04,em_high_grade,-0.02782698
2022-05,em_high_grade,-0.00132027
2022-06,em_high_grade,-0.0201211
2022-07,em_high_grade,0.01211549
2022-08,em_high_grade,-0.00775814
2022-09,em_high_grade,-0.03901338
2022-10,em_high_grade,-0.02287088
2022-11,em_high_grade,0.04240586
2022-12,em_high_grade,0.00905847
2023-01,em_high_grade,0.02440152
2023-02,em_high_grade,-0.0157474
2023-03,em_high_grade,0.01400281
2023-04,em_high_grade,0.01053668
2023-05,em_high_grade,-0.00489744
2023-06,em_high_grade,0.0006615
2023-07,em_high_grade,0.00512983
2023-08,em_high_grade,-0.00783963
2023-09,em_high_grade,-0.01296601
2023-10,em_high_grade,-0.01155138
2023-11,em_high_grade,0.03720614
2023-12,em_high_grade,0.03146945
2024-01,em_high_grade,-0.00104153
2024-02,em_high_grade,-0.00259384
2024-03,em_high_grade,0.00948447
2024-04,em_high_grade,-0.01462343
2024-05,em_high_grade,0.0150455
2024-06,em_high_grade,0.00979748
2024-07,em_high_grade,0.01620405
2024-08,em_high_grade,0.01695457
2024-09,em_high_grade,0.01255838
2024-10,em_high_grade,-0.01546145
2024-11,em_high_grade,0.00652928
2024-12,em_high_grade,-0.01005595
2025-01,em_high_grade,0.00560279
2025-02,em_high_grade,0.01768368
2025-03,em_high_grade,0.00126157
2025-04,em_high_grade,0.0014264
2025-05,em_high_grade,0.00021365
2025-06,em_high_grade,0.01376593
2025-07,em_high_grade,0.00589984
2025-08,em_high_grade,0.01249855
2025-09,em_high_grade,0.01073514
2025-10,em_high_grade,0.00666379
2025-11,em_high_grade,0.00244002
2025-12,em_high_grade,-6.761e-05
2016-01,em_high_yield,0.0
2016-02,em_high_yield,0.01056864
2016-03,em_high_yield,0.0448973
2016-04,em_high_yield,0.03151855
2016-05,em_high_yield,0.00344217
2016-06,em_high_yield,0.02687116
2016-07,em_high_yield,0.02178649
2016-08,em_high_yield,0.01727079
2016-09,em_high_yield,0.01124852
2016-10,em_high_yield,0.00317811
2016-11,em_high_yield,-0.01239669
2016-12,em_high_yield,0.01476058
2017-01,em_high_yield,0.02077654
2017-02,em_high_yield,0.01593286
2017-03,em_high_yield,0.00081728
2017-04,em_high_yield,0.01423558
2017-05,em_high_yield,0.00080515
2017-06,em_high_yield,-0.0031093
2017-07,em_high_yield,0.00848456
2017-08,em_high_yield,0.01219802
2017-09,em_high_yield,0.00850409
2017-10,em_high_yield,0.00724592
2017-11,em_high_yield,-0.00397552
2017-12,em_high_yield,0.00282987
2018-01,em_high_yield,0.00600177
2018-02,em_high_yield,-0.00816395
2018-03,em_high_yield,-0.00221608
2018-04,em_high_yield,-0.0057746
2018-05,em_high_yield,-0.01559475
2018-06,em_high_yield,-0.01151934
2018-07,em_high_yield,0.01954654
2018-08,em_high_yield,-0.02558384
2018-09,em_high_yield,0.0225362
2018-10,em_high_yield,-0.00503637
2018-11,em_high_yield,-0.00328805
2018-12,em_high_yield,0.00696675
2019-01,em_high_yield,0.03821368
2019-02,em_high_yield,0.01330704
2019-03,em_high_yield,0.00739587
2019-04,em_high_yield,0.00723989
2019-05,em_high_yield,-0.00147391
2019-06,em_high_yield,0.02495198
2019-07,em_high_yield,0.01021918
2019-08,em_high_yield,-0.0260316
2019-09,em_high_yield,0.01361431
2019-10,em_high_yield,0.01663601
2019-11,em_high_yield,0.00733549
2019-12,em_high_yield,0.01705588
2020-01,em_high_yield,0.0119649
2020-02,em_high_yield,-0.00745064
2020-03,em_high_yield,-0.14824059
2020-04,em_high_yield,0.05041401
2020-05,em_high_yield,0.05541232
2020-06,em_high_yield,0.032499
2020-07,em_high_yield,0.02831488
2020-08,em_high_yield,0.02008562
2020-09,em_high_yield,-0.0143285
2020-10,em_high_yield,0.0031512
2020-11,em_high_yield,0.04442699
2020-12,em_high_yield,0.02764201
2021-01,em_high_yield,-0.00587098
2021-02,em_high_yield,0.00474905
2021-03,em_high_yield,-0.00713351
2021-04,em_high_yield,0.0120683
2021-05,em_high_yield,0.00963324
2021-06,em_high_yield,0.00087677
2021-07,em_high_yield,-0.01566499
2021-08,em_high_yield,0.01383775
2021-09,em_high_yield,-0.02092943
2021-10,em_high_yield,-0.02267773
2021-11,em_high_yield,-0.01845523
2021-12,em_high_yield,0.007257
2022-01,em_high_yield,-0.02514373
2022-02,em_high_yield,-0.04955022
2022-03,em_high_yield,-0.03126043
2022-04,em_high_yield,-0.02468836
2022-05,em_high_yield,-0.0133217
2022-06,em_high_yield,-0.0641798
2022-07,em_high_yield,0.01359472
2022-08,em_high_yield,0.00837164
2022-09,em_high_yield,-0.05311605
2022-10,em_high_yield,-0.01404716
2022-11,em_high_yield,0.07574185
2022-12,em_high_yield,0.02664182
2023-01,em_high_yield,0.04175566
2023-02,em_high_yield,-0.0231266
2023-03,em_high_yield,0.00014691
2023-04,em_high_yield,-0.00270701
2023-05,em_high_yield,-0.01087849
2023-06,em_high_yield,0.0207837
2023-07,em_high_yield,0.01383766
2023-08,em_high_yield,-0.00711217
2023-09,em_high_yield,-0.00262924
2023-10,em_high_yield,-0.0112089
2023-11,em_high_yield,0.03866823
2023-12,em_high_yield,0.03367153
2024-01,em_high_yield,0.01204442
2024-02,em_high_yield,0.01010433
2024-03,em_high_yield,0.01664021
2024-04,em_high_yield,-0.00502323
2024-05,em_high_yield,0.0187006
2024-06,em_high_yield,0.00950348
2024-07,em_high_yield,0.01724677
2024-08,em_high_yield,0.01581563
2024-09,em_high_yield,0.01953737
2024-10,em_high_yield,-0.00027924
2024-11,em_high_yield,0.00752418
2024-12,em_high_yield,-0.00298026
2025-01,em_high_yield,0.01084444
2025-02,em_high_yield,0.01335855
2025-03,em_high_yield,-0.00186624
2025-04,em_high_yield,-0.00936565
2025-05,em_high_yield,0.0141384
2025-06,em_high_yield,0.01774808
2025-07,em_high_yield,0.014546
2025-08,em_high_yield,0.01271527
2025-09,em_high_yield,0.00593803
2025-10,em_high_yield,0.00796178
2025-11,em_high_yield,-0.00127659
2025-12,em_high_yield,0.00862799
2016-01,municipal_broad,0.0
2016-02,municipal_broad,0.00358117
2016-03,municipal_broad,0.00139234
2016-04,municipal_broad,-0.0016152
2016-05,municipal_broad,0.00249343
2016-06,municipal_broad,0.00739515
2016-07,municipal_broad,0.00322866
2016-08,municipal_broad,0.00136632
2016-09,municipal_broad,0.00072333
2016-10,municipal_broad,0.00129776
2016-11,municipal_broad,-0.00372418
2016-12,municipal_broad,-0.00056813
2017-01,municipal_broad,-0.0039709
2017-02,municipal_broad,0.00404463
2017-03,municipal_broad,-0.00094736
2017-04,municipal_broad,0.00152546
2017-05,municipal_broad,0.00215709
2017-06,municipal_broad,-0.00371338
2017-07,municipal_broad,0.00070916
2017-08,municipal_broad,0.00173869
2017-09,municipal_broad,-0.0004771
2017-10,municipal_broad,0.00316849
2017-11,municipal_broad,0.00278931
2017-12,municipal_broad,-0.0030188
2018-01,municipal_broad,-0.0039552
2018-02,municipal_broad,0.00333655
2018-03,municipal_broad,0.00261109
2018-04,municipal_broad,0.00193275
2018-05,municipal_broad,0.00047408
2018-06,municipal_broad,0.0010866
2018-07,municipal_broad,-0.00186072
2018-08,municipal_broad,0.00277994
2018-09,municipal_broad,-0.00432957
2018-10,municipal_broad,-0.00107277
2018-11,municipal_broad,0.00219703
2018-12,municipal_broad,0.00029448
2019-01,municipal_broad,0.00167638
2019-02,municipal_broad,0.00031022
2019-03,municipal_broad,0.00541908
2019-04,municipal_broad,0.00212673
2019-05,municipal_broad,0.00272972
2019-06,municipal_broad,0.00442674
2019-07,municipal_broad,0.00312849
2019-08,municipal_broad,0.00368797
2019-09,municipal_broad,-0.00524802
2019-10,municipal_broad,-0.00537207
2019-11,municipal_broad,-0.00315669
2019-12,municipal_broad,-0.00178177
2020-01,municipal_broad,0.0041216
2020-02,municipal_broad,0.00421781
2020-03,municipal_broad,-0.00461045
2020-04,municipal_broad,0.00150352
2020-05,municipal_broad,0.00085556
2020-06,municipal_broad,0.00253222
2020-07,municipal_broad,0.0006757
2020-08,municipal_broad,0.0005627
2020-09,municipal_broad,0.00301277
2020-10,municipal_broad,0.00108134
2020-11,municipal_broad,0.00073612
2020-12,municipal_broad,-0.00067961
2021-01,municipal_broad,0.00082409
2021-02,municipal_broad,-0.00493245
2021-03,municipal_broad,0.00015264
2021-04,municipal_broad,0.00011246
2021-05,municipal_broad,-0.00114854
2021-06,municipal_broad,0.00074781
2021-07,municipal_broad,0.00520666
2021-08,municipal_broad,-0.00151874
2021-09,municipal_broad,-0.00509951
2021-10,municipal_broad,-0.00473941
2021-11,municipal_broad,0.00391307
2021-12,municipal_broad,-0.00086976
2022-01,municipal_broad,-0.00516669
2022-02,municipal_broad,-0.00957682
2022-03,municipal_broad,-0.0215476
2022-04,municipal_broad,-0.01279189
2022-05,municipal_broad,-0.0055811
2022-06,municipal_broad,-0.01070534
2022-07,municipal_broad,0.01288729
2022-08,municipal_broad,-0.01684543
2022-09,municipal_broad,-0.00738269
2022-10,municipal_broad,0.00379718
2022-11,municipal_broad,0.01090597
2022-12,municipal_broad,-0.00618804
2023-01,municipal_broad,0.01538076
2023-02,municipal_broad,-0.01806506
2023-03,municipal_broad,0.013902
2023-04,municipal_broad,0.00439106
2023-05,municipal_broad,-0.00257719
2023-06,municipal_broad,-0.00591812
2023-07,municipal_broad,0.00627933
2023-08,municipal_broad,0.00101445
2023-09,municipal_broad,-0.00054503
2023-10,municipal_broad,0.00701261
2023-11,municipal_broad,0.01453678
2023-12,municipal_broad,0.0196412
2024-01,municipal_broad,-0.0026011
2024-02,municipal_broad,-0.00581443
2024-03,municipal_broad,0.00707751
2024-04,municipal_broad,-0.00190848
2024-05,municipal_broad,0.00609746
2024-06,municipal_broad,0.01101169
2024-07,municipal_broad,0.01145651
2024-08,municipal_broad,0.00774526
2024-09,municipal_broad,0.00658551
2024-10,municipal_broad,-0.00375875
2024-11,municipal_broad,0.00705648
2024-12,municipal_broad,-0.00964056
2025-01,municipal_broad,0.01023299
2025-02,municipal_broad,-0.00015668
2025-03,municipal_broad,-0.00432504
2025-04,municipal_broad,0.01154418
2025-05,municipal_broad,0.00182817
2025-06,municipal_broad,0.00744687
2025-07,municipal_broad,-0.0038308
2025-08,municipal_broad,0.00520733
2025-09,municipal_broad,0.00032329
2025-10,municipal_broad,0.0016698
2025-11,municipal_broad,-0.00131364
2025-12,municipal_broad,0.00257688
2016-01,agg_etf,0.0
2016-02,agg_etf,0.00887032
2016-03,agg_etf,0.00874669
2016-04,agg_etf,0.00254968
2016-05,agg_etf,0.00013603
2016-06,agg_etf,0.0193509
2016-07,agg_etf,0.00544448
2016-08,agg_etf,-0.00215427
2016-09,agg_etf,0.00051643
2016-10,agg_etf,-0.00817169
2016-11,agg_etf,-0.02565525
2016-12,agg_etf,0.00254175
2017-01,agg_etf,0.00212857
2017-02,agg_etf,0.00645833
2017-03,agg_etf,-0.00055274
2017-04,agg_etf,0.00907035
2017-05,agg_etf,0.00687073
2017-06,agg_etf,-0.00018243
2017-07,agg_etf,0.00333974
2017-08,agg_etf,0.00941286
2017-09,agg_etf,-0.00571505
2017-10,agg_etf,0.00097782
2017-11,agg_etf,-0.00148282
2017-12,agg_etf,0.00475143
2018-01,agg_etf,-0.01125008
2018-02,agg_etf,-0.0100874
2018-03,agg_etf,0.00671132
2018-04,agg_etf,-0.00941082
2018-05,agg_etf,0.00661927
2018-06,agg_etf,0.0010261
2018-07,agg_etf,-0.00029217
2018-08,agg_etf,0.00568023
2018-09,agg_etf,-0.00619751
2018-10,agg_etf,-0.00644019
2018-11,agg_etf,0.00771542
2018-12,agg_etf,0.01981163
2019-01,agg_etf,0.00910902
2019-02,agg_etf,-0.0011385
2019-03,agg_etf,0.02122632
2019-04,agg_etf,-0.0020035
2019-05,agg_etf,0.01910823
2019-06,agg_etf,0.01098594
2019-07,agg_etf,0.00181831
2019-08,agg_etf,0.027828
2019-09,agg_etf,-0.00612134
2019-10,agg_etf,0.00208101
2019-11,agg_etf,-0.00034553
2019-12,agg_etf,-0.00046758
2020-01,agg_etf,0.02029027
2020-02,agg_etf,0.01584669
2020-03,agg_etf,-0.00526789
2020-04,agg_etf,0.01719057
2020-05,agg_etf,0.00672545
2020-06,agg_etf,0.006591
2020-07,agg_etf,0.01333184
2020-08,agg_etf,-0.00823596
2020-09,agg_etf,-0.00097349
2020-10,agg_etf,-0.00558276
2020-11,agg_etf,0.01206764
2020-12,agg_etf,0.0008575
2021-01,agg_etf,-0.00744589
2021-02,agg_etf,-0.01518116
2021-03,agg_etf,-0.01146314
2021-04,agg_etf,0.00732015
2021-05,agg_etf,0.00203833
2021-06,agg_etf,0.00827922
2021-07,agg_etf,0.01116544
2021-08,agg_etf,-0.00200356
2021-09,agg_etf,-0.00917217
2021-10,agg_etf,-8.721e-05
2021-11,agg_etf,0.00270831
2021-12,agg_etf,-0.00358729
2022-01,agg_etf,-0.01998552
2022-02,agg_etf,-0.01145697
2022-03,agg_etf,-0.02812183
2022-04,agg_etf,-0.03805857
2022-05,agg_etf,0.00760547
2022-06,agg_etf,-0.01553027
2022-07,agg_etf,0.02538103
2022-08,agg_etf,-0.03042288
2022-09,agg_etf,-0.04145007
2022-10,agg_etf,-0.01278476
2022-11,agg_etf,0.03808432
2022-12,agg_etf,-0.00870473
2023-01,agg_etf,0.03330241
2023-02,agg_etf,-0.02665677
2023-03,agg_etf,0.02641243
2023-04,agg_etf,0.00575501
2023-05,agg_etf,-0.01144305
2023-06,agg_etf,-0.00368202
2023-07,agg_etf,-0.00015362
2023-08,agg_etf,-0.00631317
2023-09,agg_etf,-0.02589578
2023-10,agg_etf,-0.01570672
2023-11,agg_etf,0.04592929
2023-12,agg_etf,0.03697667
2024-01,agg_etf,-0.00151164
2024-02,agg_etf,-0.01474596
2024-03,agg_etf,0.00902502
2024-04,agg_etf,-0.02478222
2024-05,agg_etf,0.01669563
2024-06,agg_etf,0.00885493
2024-07,agg_etf,0.02419142
2024-08,agg_etf,0.01461472
2024-09,agg_etf,0.01332811
2024-10,agg_etf,-0.02518736
2024-11,agg_etf,0.01110975
2024-12,agg_etf,-0.01693378
2025-01,agg_etf,0.00515976
2025-02,agg_etf,0.02237389
2025-03,agg_etf,-0.00026278
2025-04,agg_etf,0.0043105
2025-05,agg_etf,-0.00606881
2025-06,agg_etf,0.01455345
2025-07,agg_etf,-0.00263958
2025-08,agg_etf,0.01190357
2025-09,agg_etf,0.01126787
2025-10,agg_etf,0.00615443
2025-11,agg_etf,0.0060572
2025-12,agg_etf,-0.00278976
2016-01,bnd_etf,0.0
2016-02,bnd_etf,0.00850914
2016-03,bnd_etf,0.00883212
2016-04,bnd_etf,0.00402945
2016-05,bnd_etf,-7.241e-05
2016-06,bnd_etf,0.02019837
2016-07,bnd_etf,0.00599045
2016-08,bnd_etf,-0.00313707
2016-09,bnd_etf,0.00114197
2016-10,bnd_etf,-0.00939544
2016-11,bnd_etf,-0.02573861
2016-12,bnd_etf,0.00329948
2017-01,bnd_etf,0.00185687
2017-02,bnd_etf,0.00616567
2017-03,bnd_etf,-0.00039511
2017-04,bnd_etf,0.00795918
2017-05,bnd_etf,0.00710324
2017-06,bnd_etf,0.00051271
2017-07,bnd_etf,0.00612394
2017-08,bnd_etf,0.01068036
2017-09,bnd_etf,-0.00468792
2017-10,bnd_etf,-0.00026848
2017-11,bnd_etf,-0.00106652
2017-12,bnd_etf,0.00541026
2018-01,bnd_etf,-0.01238234
2018-02,bnd_etf,-0.01036252
2018-03,bnd_etf,0.00686476
2018-04,bnd_etf,-0.00852811
2018-05,bnd_etf,0.00682067
2018-06,bnd_etf,0.00188529
2018-07,bnd_etf,-0.00036721
2018-08,bnd_etf,0.00668884
2018-09,bnd_etf,-0.0054595
2018-10,bnd_etf,-0.00862251
2018-11,bnd_etf,0.00636221
2018-12,bnd_etf,0.01874322
2019-01,bnd_etf,0.01110995
2019-02,bnd_etf,-0.00090065
2019-03,bnd_etf,0.01938738
2019-04,bnd_etf,-0.00024644
2019-05,bnd_etf,0.01826333
2019-06,bnd_etf,0.012468
2019-07,bnd_etf,0.00149663
2019-08,bnd_etf,0.0276905
2019-09,bnd_etf,-0.00567654
2019-10,bnd_etf,0.00310996
2019-11,bnd_etf,-0.00041493
2019-12,bnd_etf,-0.00074633
2020-01,bnd_etf,0.0197948
2020-02,bnd_etf,0.01667486
2020-03,bnd_etf,-0.01428568
2020-04,bnd_etf,0.027595
2020-05,bnd_etf,0.00668642
2020-06,bnd_etf,0.00671238
2020-07,bnd_etf,0.01453893
2020-08,bnd_etf,-0.00941753
2020-09,bnd_etf,-0.00098503
2020-10,bnd_etf,-0.00556373
2020-11,bnd_etf,0.01213503
2020-12,bnd_etf,0.00152563
2021-01,bnd_etf,-0.00861815
2021-02,bnd_etf,-0.0154769
2021-03,bnd_etf,-0.01271408
2021-04,bnd_etf,0.00866019
2021-05,bnd_etf,0.00153886
2021-06,bnd_etf,0.00897477
2021-07,bnd_etf,0.01168406
2021-08,bnd_etf,-0.00189325
2021-09,bnd_etf,-0.01013616
2021-10,bnd_etf,0.00070307
2021-11,bnd_etf,0.00204156
2021-12,bnd_etf,-0.00310343
2022-01,bnd_etf,-0.02064869
2022-02,bnd_etf,-0.01138063
2022-03,bnd_etf,-0.02752111
2022-04,bnd_etf,-0.03972718
2022-05,bnd_etf,0.00829785
2022-06,bnd_etf,-0.01662082
2022-07,bnd_etf,0.02381837
2022-08,bnd_etf,-0.02797549
2022-09,bnd_etf,-0.04183011
2022-10,bnd_etf,-0.01157717
2022-11,bnd_etf,0.03665964
2022-12,bnd_etf,-0.00806106
2023-01,bnd_etf,0.03312923
2023-02,bnd_etf,-0.0266602
2023-03,bnd_etf,0.02675785
2023-04,bnd_etf,0.00587953
2023-05,bnd_etf,-0.01163772
2023-06,bnd_etf,-0.00223721
2023-07,bnd_etf,-0.00118617
2023-08,bnd_etf,-0.0066043
2023-09,bnd_etf,-0.02479261
2023-10,bnd_etf,-0.01520358
2023-11,bnd_etf,0.04541397
2023-12,bnd_etf,0.03555307
2024-01,bnd_etf,-0.00163177
2024-02,bnd_etf,-0.01363049
2024-03,bnd_etf,0.00849794
2024-04,bnd_etf,-0.02408379
2024-05,bnd_etf,0.01680463
2024-06,bnd_etf,0.00880747
2024-07,bnd_etf,0.02354206
2024-08,bnd_etf,0.01451652
2024-09,bnd_etf,0.01316504
2024-10,bnd_etf,-0.02455621
2024-11,bnd_etf,0.01068359
2024-12,bnd_etf,-0.01681037
2025-01,bnd_etf,0.00597975
2025-02,bnd_etf,0.02156594
2025-03,bnd_etf,0.00012258
2025-04,bnd_etf,0.00396117
2025-05,bnd_etf,-0.00674274
2025-06,bnd_etf,0.01516622
2025-07,bnd_etf,-0.002657
2025-08,bnd_etf,0.01154118
2025-09,bnd_etf,0.01105255
2025-10,bnd_etf,0.00602964
2025-11,bnd_etf,0.00597285
2025-12,bnd_etf,-0.00300156
2016-01,lqd_etf,0.0
2016-02,lqd_etf,0.01051771
2016-03,lqd_etf,0.03614528
2016-04,lqd_etf,0.01554585
2016-05,lqd_etf,-0.00512465
2016-06,lqd_etf,0.03094349
2016-07,lqd_etf,0.0129159
2016-08,lqd_etf,0.00180326
2016-09,lqd_etf,-0.00315613
2016-10,lqd_etf,-0.01528631
2016-11,lqd_etf,-0.03167556
2016-12,lqd_etf,0.00839217
2017-01,lqd_etf,0.00145089
2017-02,lqd_etf,0.01320986
2017-03,lqd_etf,-0.00295188
2017-04,lqd_etf,0.01188898
2017-05,lqd_etf,0.0133316
2017-06,lqd_etf,0.00480251
2017-07,lqd_etf,0.00765483
2017-08,lqd_etf,0.00677161
2017-09,lqd_etf,-0.00049454
2017-10,lqd_etf,0.00192688
2017-11,lqd_etf,-0.00123322
2017-12,lqd_etf,0.01220435
2018-01,lqd_etf,-0.01225717
2018-02,lqd_etf,-0.02237206
2018-03,lqd_etf,0.00556813
2018-04,lqd_etf,-0.01565961
2018-05,lqd_etf,0.00521401
2018-06,lqd_etf,-0.00487319
2018-07,lqd_etf,0.01343882
2018-08,lqd_etf,0.00019917
2018-09,lqd_etf,-0.0014077
2018-10,lqd_etf,-0.02049229
2018-11,lqd_etf,-0.00358497
2018-12,lqd_etf,0.01859453
2019-01,lqd_etf,0.03368225
2019-02,lqd_etf,-0.00203854
2019-03,lqd_etf,0.02928962
2019-04,lqd_etf,0.00436387
2019-05,lqd_etf,0.01650596
2019-06,lqd_etf,0.03246733
2019-07,lqd_etf,0.00254021
2019-08,lqd_etf,0.03886009
2019-09,lqd_etf,-0.00755929
2019-10,lqd_etf,0.00445207
2019-11,lqd_etf,0.00474995
2019-12,lqd_etf,0.00527354
2020-01,lqd_etf,0.0244606
2020-02,lqd_etf,0.01091383
2020-03,lqd_etf,-0.06311894
2020-04,lqd_etf,0.04845766
2020-05,lqd_etf,0.02460226
2020-06,lqd_etf,0.02127602
2020-07,lqd_etf,0.03100149
2020-08,lqd_etf,-0.01778318
2020-09,lqd_etf,-0.00439757
2020-10,lqd_etf,-0.00510325
2020-11,lqd_etf,0.03771515
2020-12,lqd_etf,0.00150652
2021-01,lqd_etf,-0.01831583
2021-02,lqd_etf,-0.0226331
2021-03,lqd_etf,-0.01478059
2021-04,lqd_etf,0.01043162
2021-05,lqd_etf,0.00622653
2021-06,lqd_etf,0.02211445
2021-07,lqd_etf,0.01419039
2021-08,lqd_etf,-0.00343958
2021-09,lqd_etf,-0.01507458
2021-10,lqd_etf,0.00530971
2021-11,lqd_etf,-0.00118595
2021-12,lqd_etf,-0.00034125
2022-01,lqd_etf,-0.03591921
2022-02,lqd_etf,-0.02131452
2022-03,lqd_etf,-0.02893773
2022-04,lqd_etf,-0.0669926
2022-05,lqd_etf,0.01863881
2022-06,lqd_etf,-0.03622795
2022-07,lqd_etf,0.04444436
2022-08,lqd_etf,-0.04429123
2022-09,lqd_etf,-0.05979851
2022-10,lqd_etf,-0.00745292
2022-11,lqd_etf,0.06647682
2022-12,lqd_etf,-0.01551108
2023-01,lqd_etf,0.05159828
2023-02,lqd_etf,-0.0416912
2023-03,lqd_etf,0.03848499
2023-04,lqd_etf,0.00604034
2023-05,lqd_etf,-0.01768966
2023-06,lqd_etf,0.00810134
2023-07,lqd_etf,0.00053779
2023-08,lqd_etf,-0.01229034
2023-09,lqd_etf,-0.03557274
2023-10,lqd_etf,-0.02411909
2023-11,lqd_etf,0.07574463
2023-12,lqd_etf,0.04875278
2024-01,lqd_etf,-0.00442814
2024-02,lqd_etf,-0.0193204
2024-03,lqd_etf,0.01541031
2024-04,lqd_etf,-0.03243048
2024-05,lqd_etf,0.02213715
2024-06,lqd_etf,0.0059632
2024-07,lqd_etf,0.02638085
2024-08,lqd_etf,0.01870516
2024-09,lqd_etf,0.01962924
2024-10,lqd_etf,-0.03179413
2024-11,lqd_etf,0.01790913
2024-12,lqd_etf,-0.02675792
2025-01,lqd_etf,0.00580293
2025-02,lqd_etf,0.02371346
2025-03,lqd_etf,-0.00462472
2025-04,lqd_etf,-0.00270627
2025-05,lqd_etf,0.00206428
2025-06,lqd_etf,0.02082433
2025-07,lqd_etf,-0.00089729
2025-08,lqd_etf,0.01043558
2025-09,lqd_etf,0.01877239
2025-10,lqd_etf,0.0014947
2025-11,lqd_etf,0.0093117
2025-12,lqd_etf,-0.00737461
2016-01,vcit_etf,0.0
2016-02,vcit_etf,0.01078583
2016-03,vcit_etf,0.02333186
2016-04,vcit_etf,0.00983765
2016-05,vcit_etf,0.00050361
2016-06,vcit_etf,0.02613204
2016-07,vcit_etf,0.00997048
2016-08,vcit_etf,-0.00193763
2016-09,vcit_etf,0.00186774
2016-10,vcit_etf,-0.00880781
2016-11,vcit_etf,-0.02984479
2016-12,vcit_etf,0.00591312
2017-01,vcit_etf,0.00361718
2017-02,vcit_etf,0.00942771
2017-03,vcit_etf,-6.958e-05
2017-04,vcit_etf,0.01160751
2017-05,vcit_etf,0.01048246
2017-06,vcit_etf,-0.0006166
2017-07,vcit_etf,0.00955377
2017-08,vcit_etf,0.00766845
2017-09,vcit_etf,-0.00367925
2017-10,vcit_etf,0.00201599
2017-11,vcit_etf,-0.00254259
2017-12,vcit_etf,0.00450781
2018-01,vcit_etf,-0.01155734
2018-02,vcit_etf,-0.01525109
2018-03,vcit_etf,0.00256414
2018-04,vcit_etf,-0.01064236
2018-05,vcit_etf,0.00583677
2018-06,vcit_etf,-0.00173278
2018-07,vcit_etf,0.00792528
2018-08,vcit_etf,0.00581899
2018-09,vcit_etf,-0.00467071
2018-10,vcit_etf,-0.00878951
2018-11,vcit_etf,-0.00212671
2018-12,vcit_etf,0.01560642
2019-01,vcit_etf,0.02775724
2019-02,vcit_etf,0.00140183
2019-03,vcit_etf,0.02431312
2019-04,vcit_etf,0.00466619
2019-05,vcit_etf,0.01535698
2019-06,vcit_etf,0.02335965
2019-07,vcit_etf,0.00269076
2019-08,vcit_etf,0.02606126
2019-09,vcit_etf,-0.00424502
2019-10,vcit_etf,0.00665932
2019-11,vcit_etf,0.00041619
2019-12,vcit_etf,0.00491316
2020-01,vcit_etf,0.02200817
2020-02,vcit_etf,0.01130912
2020-03,vcit_etf,-0.07301726
2020-04,vcit_etf,0.05199549
2020-05,vcit_etf,0.02675193
2020-06,vcit_etf,0.0192519
2020-07,vcit_etf,0.01983213
2020-08,vcit_etf,-0.00240182
2020-09,vcit_etf,-0.00408489
2020-10,vcit_etf,-0.00151673
2020-11,vcit_etf,0.02006124
2020-12,vcit_etf,0.0055566
2021-01,vcit_etf,-0.00875018
2021-02,vcit_etf,-0.01591919
2021-03,vcit_etf,-0.01469035
2021-04,vcit_etf,0.01041459
2021-05,vcit_etf,0.00572319
2021-06,vcit_etf,0.0112219
2021-07,vcit_etf,0.0125389
2021-08,vcit_etf,-0.00345118
2021-09,vcit_etf,-0.01042879
2021-10,vcit_etf,-0.0036822
2021-11,vcit_etf,-0.00338312
2021-12,vcit_etf,0.00316536
2022-01,vcit_etf,-0.02479497
2022-02,vcit_etf,-0.01455403
2022-03,vcit_etf,-0.03120121
2022-04,vcit_etf,-0.04995394
2022-05,vcit_etf,0.0130981
2022-06,vcit_etf,-0.02720681
2022-07,vcit_etf,0.03918199
2022-08,vcit_etf,-0.03785478
2022-09,vcit_etf,-0.04712772
2022-10,vcit_etf,-0.00409419
2022-11,vcit_etf,0.04841801
2022-12,vcit_etf,-0.00798489
2023-01,vcit_etf,0.0423173
2023-02,vcit_etf,-0.03220209
2023-03,vcit_etf,0.03180852
2023-04,vcit_etf,0.00725249
2023-05,vcit_etf,-0.01303586
2023-06,vcit_etf,0.0001391
2023-07,vcit_etf,0.00403683
2023-08,vcit_etf,-0.00698874
2023-09,vcit_etf,-0.02629692
2023-10,vcit_etf,-0.01672053
2023-11,vcit_etf,0.05952127
2023-12,vcit_etf,0.04120069
2024-01,vcit_etf,-0.00049212
2024-02,vcit_etf,-0.01443913
2024-03,vcit_etf,0.01248791
2024-04,vcit_etf,-0.0231378
2024-05,vcit_etf,0.02026437
2024-06,vcit_etf,0.00729676
2024-07,vcit_etf,0.02572791
2024-08,vcit_etf,0.01659924
2024-09,vcit_etf,0.01590269
2024-10,vcit_etf,-0.02495999
2024-11,vcit_etf,0.01378103
2024-12,vcit_etf,-0.01573606
2025-01,vcit_etf,0.00660289
2025-02,vcit_etf,0.01929471
2025-03,vcit_etf,8.574e-05
2025-04,vcit_etf,0.00416259
2025-05,vcit_etf,0.00312986
2025-06,vcit_etf,0.01877351
2025-07,vcit_etf,0.00098083
2025-08,vcit_etf,0.01312858
2025-09,vcit_etf,0.01225155
2025-10,vcit_etf,0.00317479
2025-11,vcit_etf,0.00996223
2025-12,vcit_etf,-0.00167621
2016-01,vcsh_etf,0.0
2016-02,vcsh_etf,0.00228981
2016-03,vcsh_etf,0.01194894
2016-04,vcsh_etf,0.00375485
2016-05,vcsh_etf,-0.00066186
2016-06,vcsh_etf,0.01232242
2016-07,vcsh_etf,0.00289989
2016-08,vcsh_etf,-0.00095359
2016-09,vcsh_etf,-0.00024787
2016-10,vcsh_etf,-0.00111916
2016-11,vcsh_etf,-0.00951618
2016-12,vcsh_etf,0.00313628
2017-01,vcsh_etf,0.00314989
2017-02,vcsh_etf,0.00350897
2017-03,vcsh_etf,0.00125581
2017-04,vcsh_etf,0.00414677
2017-05,vcsh_etf,0.00472621
2017-06,vcsh_etf,0.00049987
2017-07,vcsh_etf,0.00436803
2017-08,vcsh_etf,0.00350879
2017-09,vcsh_etf,-0.0011098
2017-10,vcsh_etf,0.0007759
2017-11,vcsh_etf,-0.00321759
2017-12,vcsh_etf,-4.651e-05
2018-01,vcsh_etf,-0.00340454
2018-02,vcsh_etf,-0.00541309
2018-03,vcsh_etf,0.00143069
2018-04,vcsh_etf,-0.00111271
2018-05,vcsh_etf,0.00369262
2018-06,vcsh_etf,-0.00020479
2018-07,vcsh_etf,0.00288688
2018-08,vcsh_etf,0.00538605
2018-09,vcsh_etf,-0.00084418
2018-10,vcsh_etf,-0.00071804
2018-11,vcsh_etf,-0.00077105
2018-12,vcsh_etf,0.0083058
2019-01,vcsh_etf,0.0133433
2019-02,vcsh_etf,0.00252567
2019-03,vcsh_etf,0.01172022
2019-04,vcsh_etf,0.00232542
2019-05,vcsh_etf,0.00730498
2019-06,vcsh_etf,0.0095978
2019-07,vcsh_etf,0.00126688
2019-08,vcsh_etf,0.01115941
2019-09,vcsh_etf,-0.00041947
2019-10,vcsh_etf,0.00505819
2019-11,vcsh_etf,0.00012364
2019-12,vcsh_etf,0.00415966
2020-01,vcsh_etf,0.00913237
2020-02,vcsh_etf,0.00644757
2020-03,vcsh_etf,-0.03475357
2020-04,vcsh_etf,0.02765596
2020-05,vcsh_etf,0.01457105
2020-06,vcsh_etf,0.00908237
2020-07,vcsh_etf,0.00717506
2020-08,vcsh_etf,0.00178448
2020-09,vcsh_etf,-0.0011573
2020-10,vcsh_etf,0.00085844
2020-11,vcsh_etf,0.00641328
2020-12,vcsh_etf,0.00409854
2021-01,vcsh_etf,-0.00168177
2021-02,vcsh_etf,-0.00271156
2021-03,vcsh_etf,-0.00182642
2021-04,vcsh_etf,0.0041993
2021-05,vcsh_etf,0.00286879
2021-06,vcsh_etf,-0.00048356
2021-07,vcsh_etf,0.00318392
2021-08,vcsh_etf,-0.00074909
2021-09,vcsh_etf,-0.00222807
2021-10,vcsh_etf,-0.00512713
2021-11,vcsh_etf,-0.00280079
2021-12,vcsh_etf,0.00111874
2022-01,vcsh_etf,-0.01193694
2022-02,vcsh_etf,-0.00699603
2022-03,vcsh_etf,-0.01820524
2022-04,vcsh_etf,-0.01518265
2022-05,vcsh_etf,0.00923173
2022-06,vcsh_etf,-0.01324976
2022-07,vcsh_etf,0.01639041
2022-08,vcsh_etf,-0.01569933
2022-09,vcsh_etf,-0.02152467
2022-10,vcsh_etf,-0.00196927
2022-11,vcsh_etf,0.02245356
2022-12,vcsh_etf,0.00011141
2023-01,vcsh_etf,0.01715644
2023-02,vcsh_etf,-0.01347163
2023-03,vcsh_etf,0.0148305
2023-04,vcsh_etf,0.00527382
2023-05,vcsh_etf,-0.00402614
2023-06,vcsh_etf,-0.00125406
2023-07,vcsh_etf,0.00612176
2023-08,vcsh_etf,0.00089789
2023-09,vcsh_etf,-0.00582095
2023-10,vcsh_etf,-0.00100088
2023-11,vcsh_etf,0.02394356
2023-12,vcsh_etf,0.01834188
2024-01,vcsh_etf,0.00323163
2024-02,vcsh_etf,-0.00460063
2024-03,vcsh_etf,0.00662781
2024-04,vcsh_etf,-0.00638464
2024-05,vcsh_etf,0.01059998
2024-06,vcsh_etf,0.00530741
2024-07,vcsh_etf,0.01565772
2024-08,vcsh_etf,0.01214655
2024-09,vcsh_etf,0.00982874
2024-10,vcsh_etf,-0.00933561
2024-11,vcsh_etf,0.00644966
2024-12,vcsh_etf,-0.00109957
2025-01,vcsh_etf,0.0058967
2025-02,vcsh_etf,0.00883741
2025-03,vcsh_etf,0.00405746
2025-04,vcsh_etf,0.00672626
2025-05,vcsh_etf,0.00243315
2025-06,vcsh_etf,0.00897301
2025-07,vcsh_etf,0.00088372
2025-08,vcsh_etf,0.01123021
2025-09,vcsh_etf,0.00439811
2025-10,vcsh_etf,0.00326473
2025-11,vcsh_etf,0.0057409
2025-12,vcsh_etf,0.00329415
2016-01,hyg_etf,0.0
2016-02,hyg_etf,0.01496846
2016-03,hyg_etf,0.0254708
2016-04,hyg_etf,0.03122517
2016-05,hyg_etf,0.00170209
2016-06,hyg_etf,0.01793034
2016-07,hyg_etf,0.01313153
2016-08,hyg_etf,0.01967632
2016-09,hyg_etf,0.01078388
2016-10,hyg_etf,-0.00983074
2016-11,hyg_etf,0.0001873
2016-12,hyg_etf,0.01838867
2017-01,hyg_etf,0.00912765
2017-02,hyg_etf,0.01531773
2017-03,hyg_etf,-0.00143356
2017-04,hyg_etf,0.00815738
2017-05,hyg_etf,0.01031433
2017-06,hyg_etf,0.00132524
2017-07,hyg_etf,0.01019159
2017-08,hyg_etf,0.0006551
2017-09,hyg_etf,0.00600746
2017-10,hyg_etf,0.00084801
2017-11,hyg_etf,-0.00367733
2017-12,hyg_etf,0.00245737
2018-01,hyg_etf,0.00045823
2018-02,hyg_etf,-0.00867341
2018-03,hyg_etf,-0.00231797
2018-04,hyg_etf,0.00479528
2018-05,hyg_etf,0.00050339
2018-06,hyg_etf,0.00098857
2018-07,hyg_etf,0.01677694
2018-08,hyg_etf,0.00707878
2018-09,hyg_etf,0.00524487
2018-10,hyg_etf,-0.019768
2018-11,hyg_etf,-0.00399076
2018-12,hyg_etf,-0.02088789
2019-01,hyg_etf,0.04944542
2019-02,hyg_etf,0.01214524
2019-03,hyg_etf,0.01290882
2019-04,hyg_etf,0.00986259
2019-05,hyg_etf,-0.01933661
2019-06,hyg_etf,0.03154483
2019-07,hyg_etf,0.00156725
2019-08,hyg_etf,0.00689645
2019-09,hyg_etf,0.00438946
2019-10,hyg_etf,-0.00011423
2019-11,hyg_etf,0.00567896
2019-12,hyg_etf,0.01911337
2020-01,hyg_etf,-0.00466283
2020-02,hyg_etf,-0.01289507
2020-03,hyg_etf,-0.10027972
2020-04,hyg_etf,0.0488359
2020-05,hyg_etf,0.02946503
2020-06,hyg_etf,-0.00583496
2020-07,hyg_etf,0.0506053
2020-08,hyg_etf,-0.00022307
2020-09,hyg_etf,-0.0093163
2020-10,hyg_etf,0.00403356
2020-11,hyg_etf,0.03351249
2020-12,hyg_etf,0.01957894
2021-01,hyg_etf,-0.00378003
2021-02,hyg_etf,-0.00244615
2021-03,hyg_etf,0.01215525
2021-04,hyg_etf,0.00637648
2021-05,hyg_etf,0.00038965
2021-06,hyg_etf,0.01324706
2021-07,hyg_etf,0.0010489
2021-08,hyg_etf,0.00608697
2021-09,hyg_etf,-0.00370079
2021-10,hyg_etf,-0.00310784
2021-11,hyg_etf,-0.01169056
2021-12,hyg_etf,0.0228417
2022-01,hyg_etf,-0.026549
2022-02,hyg_etf,-0.00859042
2022-03,hyg_etf,-0.01287138
2022-04,hyg_etf,-0.04180278
2022-05,hyg_etf,0.01629917
2022-06,hyg_etf,-0.07049873
2022-07,hyg_etf,0.0669886
2022-08,hyg_etf,-0.04308829
2022-09,hyg_etf,-0.03740413
2022-10,hyg_etf,0.03365777
2022-11,hyg_etf,0.0343132
2022-12,hyg_etf,-0.01756937
2023-01,hyg_etf,0.03666961
2023-02,hyg_etf,-0.01885157
2023-03,hyg_etf,0.01984377
2023-04,hyg_etf,0.00202091
2023-05,hyg_etf,-0.01231468
2023-06,hyg_etf,0.01780183
2023-07,hyg_etf,0.01115655
2023-08,hyg_etf,0.00183611
2023-09,hyg_etf,-0.01613498
2023-10,hyg_etf,-0.01043162
2023-11,hyg_etf,0.04887592
2023-12,hyg_etf,0.03192583
2024-01,hyg_etf,0.00116303
2024-02,hyg_etf,0.00303513
2024-03,hyg_etf,0.01089854
2024-04,hyg_etf,-0.01351254
2024-05,hyg_etf,0.01633928
2024-06,hyg_etf,0.00479333
2024-07,hyg_etf,0.02352272
2024-08,hyg_etf,0.01547388
2024-09,hyg_etf,0.0169707
2024-10,hyg_etf,-0.00963567
2024-11,hyg_etf,0.01644532
2024-12,hyg_etf,-0.00780259
2025-01,hyg_etf,0.01360453
2025-02,hyg_etf,0.00970244
2025-03,hyg_etf,-0.01085808
2025-04,hyg_etf,0.00117194
2025-05,hyg_etf,0.01753217
2025-06,hyg_etf,0.01838524
2025-07,hyg_etf,0.00135788
2025-08,hyg_etf,0.01105324
2025-09,hyg_etf,0.00885973
2025-10,hyg_etf,-0.0001112
2025-11,hyg_etf,0.00746343
2025-12,hyg_etf,0.00492577
2016-01,jnk_etf,0.0
2016-02,jnk_etf,0.01195782
2016-03,jnk_etf,0.03035397
2016-04,jnk_etf,0.03622372
2016-05,jnk_etf,0.00835284
2016-06,jnk_etf,0.01846329
2016-07,jnk_etf,0.01568895
2016-08,jnk_etf,0.0186217
2016-09,jnk_etf,0.01006765
2016-10,jnk_etf,-0.00750033
2016-11,jnk_etf,0.00127549
2016-12,jnk_etf,0.01917831
2017-01,jnk_etf,0.01262002
2017-02,jnk_etf,0.01320207
2017-03,jnk_etf,-0.00307686
2017-04,jnk_etf,0.01039211
2017-05,jnk_etf,0.01136027
2017-06,jnk_etf,0.00056512
2017-07,jnk_etf,0.00993755
2017-08,jnk_etf,0.00061768
2017-09,jnk_etf,0.00603836
2017-10,jnk_etf,0.00207187
2017-11,jnk_etf,-0.00350697
2017-12,jnk_etf,0.00298137
2018-01,jnk_etf,-0.00054484
2018-02,jnk_etf,-0.00903134
2018-03,jnk_etf,-0.00546491
2018-04,jnk_etf,0.00476198
2018-05,jnk_etf,-0.00243664
2018-06,jnk_etf,0.00076176
2018-07,jnk_etf,0.01772647
2018-08,jnk_etf,0.00617655
2018-09,jnk_etf,0.00614084
2018-10,jnk_etf,-0.01993002
2018-11,jnk_etf,-0.00745965
2018-12,jnk_etf,-0.02327012
2019-01,jnk_etf,0.05239651
2019-02,jnk_etf,0.01435256
2019-03,jnk_etf,0.0127552
2019-04,jnk_etf,0.01309976
2019-05,jnk_etf,-0.01982468
2019-06,jnk_etf,0.03121849
2019-07,jnk_etf,0.0013738
2019-08,jnk_etf,0.00664302
2019-09,jnk_etf,0.00383956
2019-10,jnk_etf,-0.00058195
2019-11,jnk_etf,0.00585845
2019-12,jnk_etf,0.02006762
2020-01,jnk_etf,-0.00456486
2020-02,jnk_etf,-0.01475475
2020-03,jnk_etf,-0.11022199
2020-04,jnk_etf,0.05034804
2020-05,jnk_etf,0.03529467
2020-06,jnk_etf,-0.00345712
2020-07,jnk_etf,0.05402235
2020-08,jnk_etf,0.00108872
2020-09,jnk_etf,-0.00998876
2020-10,jnk_etf,0.00467174
2020-11,jnk_etf,0.03538593
2020-12,jnk_etf,0.02128663
2021-01,jnk_etf,-0.00495715
2021-02,jnk_etf,0.00151849
2021-03,jnk_etf,0.00967
2021-04,jnk_etf,0.0073422
2021-05,jnk_etf,0.00074456
2021-06,jnk_etf,0.01322232
2021-07,jnk_etf,0.00183461
2021-08,jnk_etf,0.00548481
2021-09,jnk_etf,-0.00241757
2021-10,jnk_etf,-0.00323062
2021-11,jnk_etf,-0.01303529
2021-12,jnk_etf,0.02359666
2022-01,jnk_etf,-0.02763181
2022-02,jnk_etf,-0.00836683
2022-03,jnk_etf,-0.01347434
2022-04,jnk_etf,-0.04399528
2022-05,jnk_etf,0.01465101
2022-06,jnk_etf,-0.07621651
2022-07,jnk_etf,0.06783947
2022-08,jnk_etf,-0.04223388
2022-09,jnk_etf,-0.03873488
2022-10,jnk_etf,0.03061523
2022-11,jnk_etf,0.0361764
2022-12,jnk_etf,-0.01881754
2023-01,jnk_etf,0.04033336
2023-02,jnk_etf,-0.01891531
2023-03,jnk_etf,0.02134664
2023-04,jnk_etf,0.00134269
2023-05,jnk_etf,-0.01250177
2023-06,jnk_etf,0.01897794
2023-07,jnk_etf,0.01326298
2023-08,jnk_etf,0.0024936
2023-09,jnk_etf,-0.01683539
2023-10,jnk_etf,-0.01078056
2023-11,jnk_etf,0.04819144
2023-12,jnk_etf,0.03358577
2024-01,jnk_etf,0.00147817
2024-02,jnk_etf,0.00298903
2024-03,jnk_etf,0.01178646
2024-04,jnk_etf,-0.0133169
2024-05,jnk_etf,0.01570667
2024-06,jnk_etf,0.00480713
2024-07,jnk_etf,0.02244598
2024-08,jnk_etf,0.01578975
2024-09,jnk_etf,0.01554651
2024-10,jnk_etf,-0.00989083
2024-11,jnk_etf,0.01661264
2024-12,jnk_etf,-0.00870417
2025-01,jnk_etf,0.01351211
2025-02,jnk_etf,0.00931186
2025-03,jnk_etf,-0.01337585
2025-04,jnk_etf,-0.0006121
2025-05,jnk_etf,0.01835814
2025-06,jnk_etf,0.01987981
2025-07,jnk_etf,0.00165405
2025-08,jnk_etf,0.012029
2025-09,jnk_etf,0.01040406
2025-10,jnk_etf,-0.00063617
2025-11,jnk_etf,0.00818738
2025-12,jnk_etf,0.00599459
2016-01,mub_etf,0.0
2016-02,mub_etf,0.00021567
2016-03,mub_etf,0.0044168
2016-04,mub_etf,0.00665671
2016-05,mub_etf,0.0027682
2016-06,mub_etf,0.01609913
2016-07,mub_etf,-0.00042201
2016-08,mub_etf,0.00125139
2016-09,mub_etf,-0.0056266
2016-10,mub_etf,-0.00964082
2016-11,mub_etf,-0.04100222
2016-12,mub_etf,0.01721181
2017-01,mub_etf,0.00258773
2017-02,mub_etf,0.00522852
2017-03,mub_etf,0.00325003
2017-04,mub_etf,0.00540767
2017-05,mub_etf,0.01533187
2017-06,mub_etf,-0.00419575
2017-07,mub_etf,0.00875313
2017-08,mub_etf,0.0079965
2017-09,mub_etf,-0.00427422
2017-10,mub_etf,0.00089427
2017-11,mub_etf,-0.00467677
2017-12,mub_etf,0.01014136
2018-01,mub_etf,-0.01146868
2018-02,mub_etf,-0.0060219
2018-03,mub_etf,0.00493561
2018-04,mub_etf,-0.00691651
2018-05,mub_etf,0.01250934
2018-06,mub_etf,0.00137723
2018-07,mub_etf,0.00149823
2018-08,mub_etf,0.00155407
2018-09,mub_etf,-0.00681803
2018-10,mub_etf,-0.00559883
2018-11,mub_etf,0.01110836
2018-12,mub_etf,0.01347502
2019-01,mub_etf,0.00376026
2019-02,mub_etf,0.00543885
2019-03,mub_etf,0.01484994
2019-04,mub_etf,0.00527204
2019-05,mub_etf,0.01406066
2019-06,mub_etf,0.00408377
2019-07,mub_etf,0.00734559
2019-08,mub_etf,0.01530023
2019-09,mub_etf,-0.00763667
2019-10,mub_etf,0.00295102
2019-11,mub_etf,0.00055259
2019-12,mub_etf,0.00262816
2020-01,mub_etf,0.01659167
2020-02,mub_etf,0.0097331
2020-03,mub_etf,-0.02980678
2020-04,mub_etf,-0.01376988
2020-05,mub_etf,0.03765429
2020-06,mub_etf,0.00363542
2020-07,mub_etf,0.01446264
2020-08,mub_etf,-0.00588007
2020-09,mub_etf,0.00124331
2020-10,mub_etf,-0.00520218
2020-11,mub_etf,0.01624585
2020-12,mub_etf,0.00675332
2021-01,mub_etf,0.00341276
2021-02,mub_etf,-0.01556806
2021-03,mub_etf,0.00567624
2021-04,mub_etf,0.00761178
2021-05,mub_etf,0.00344881
2021-06,mub_etf,0.00348475
2021-07,mub_etf,0.00459763
2021-08,mub_etf,-0.00195076
2021-09,mub_etf,-0.0070517
2021-10,mub_etf,-0.00048268
2021-11,mub_etf,0.0072639
2021-12,mub_etf,-6.944e-05
2022-01,mub_etf,-0.0240797
2022-02,mub_etf,-0.00531265
2022-03,mub_etf,-0.02582014
2022-04,mub_etf,-0.02516537
2022-05,mub_etf,0.0145655
2022-06,mub_etf,-0.01461945
2022-07,mub_etf,0.02256701
2022-08,mub_etf,-0.02439475
2022-09,mub_etf,-0.02805549
2022-10,mub_etf,-0.00847825
2022-11,mub_etf,0.0484443
2022-12,mub_etf,-0.00263069
2023-01,mub_etf,0.02463964
2023-02,mub_etf,-0.02266994
2023-03,mub_etf,0.02407648
2023-04,mub_etf,-0.00206475
2023-05,mub_etf,-0.00640794
2023-06,mub_etf,0.00556823
2023-07,mub_etf,0.00028143
2023-08,mub_etf,-0.00775296
2023-09,mub_etf,-0.02552546
2023-10,mub_etf,-0.01249349
2023-11,mub_etf,0.05708178
2023-12,mub_etf,0.0225572
2024-01,mub_etf,0.00046108
2024-02,mub_etf,-0.00214398
2024-03,mub_etf,-0.00094706
2024-04,mub_etf,-0.00940916
2024-05,mub_etf,-0.00310183
2024-06,mub_etf,0.01031666
2024-07,mub_etf,0.01307727
2024-08,mub_etf,0.00236456
2024-09,mub_etf,0.01143379
2024-10,mub_etf,-0.01221921
2024-11,mub_etf,0.01665406
2024-12,mub_etf,-0.0133826
2025-01,mub_etf,-9.366e-05
2025-02,mub_etf,0.01327753
2025-03,mub_etf,-0.01823129
2025-04,mub_etf,-0.00411758
2025-05,mub_etf,-0.00569675
2025-06,mub_etf,0.00873778
2025-07,mub_etf,-0.00315751
2025-08,mub_etf,0.00837906
2025-09,mub_etf,0.02217311
2025-10,mub_etf,0.0120242
2025-11,mub_etf,0.00209871
2025-12,mub_etf,0.00237074
2016-01,tip_etf,0.0
2016-02,tip_etf,0.0122084
2016-03,tip_etf,0.01667248
2016-04,tip_etf,0.00209342
2016-05,tip_etf,-0.00644135
2016-06,tip_etf,0.02248837
2016-07,tip_etf,0.00638806
2016-08,tip_etf,-0.00342717
2016-09,tip_etf,0.0075072
2016-10,tip_etf,-0.00540804
2016-11,tip_etf,-0.02071442
2016-12,tip_etf,-0.00040665
2017-01,tip_etf,0.00892494
2017-02,tip_etf,0.00411619
2017-03,tip_etf,0.0
2017-04,tip_etf,0.00449835
2017-05,tip_etf,-0.00040141
2017-06,tip_etf,-0.00866959
2017-07,tip_etf,0.00461397
2017-08,tip_etf,0.01037508
2017-09,tip_etf,-0.00701995
2017-10,tip_etf,0.00236015
2017-11,tip_etf,0.00086288
2017-12,tip_etf,0.00935479
2018-01,tip_etf,-0.00850253
2018-02,tip_etf,-0.01033733
2018-03,tip_etf,0.01009672
2018-04,tip_etf,-0.00131278
2018-05,tip_etf,0.00329142
2018-06,tip_etf,0.00647396
2018-07,tip_etf,-0.0053278
2018-08,tip_etf,0.00644708
2018-09,tip_etf,-0.00970381
2018-10,tip_etf,-0.01519204
2018-11,tip_etf,0.00479062
2018-12,tip_etf,0.00531332
2019-01,tip_etf,0.01424534
2019-02,tip_etf,-0.00171045
2019-03,tip_etf,0.01975074
2019-04,tip_etf,0.00221124
2019-05,tip_etf,0.01752234
2019-06,tip_etf,0.00749337
2019-07,tip_etf,0.00315121
2019-08,tip_etf,0.02331031
2019-09,tip_etf,-0.01106365
2019-10,tip_etf,-0.0002927
2019-11,tip_etf,0.00292989
2019-12,tip_etf,0.00346681
2020-01,tip_etf,0.02136061
2020-02,tip_etf,0.00922367
2020-03,tip_etf,-0.01757916
2020-04,tip_etf,0.03028598
2020-05,tip_etf,0.00651186
2020-06,tip_etf,0.00985257
2020-07,tip_etf,0.02325171
2020-08,tip_etf,0.00889886
2020-09,tip_etf,-0.00378013
2020-10,tip_etf,-0.00676535
2020-11,tip_etf,0.01207248
2020-12,tip_etf,0.01097604
2021-01,tip_etf,0.00266327
2021-02,tip_etf,-0.01687615
2021-03,tip_etf,-0.00262279
2021-04,tip_etf,0.01429751
2021-05,tip_etf,0.01023886
2021-06,tip_etf,0.00724703
2021-07,tip_etf,0.02675802
2021-08,tip_etf,-0.001641
2021-09,tip_etf,-0.00780151
2021-10,tip_etf,0.01109572
2021-11,tip_etf,0.0086504
2021-12,tip_etf,0.00402943
2022-01,tip_etf,-0.02058802
2022-02,tip_etf,0.00855651
2022-03,tip_etf,-0.01875532
2022-04,tip_etf,-0.02183064
2022-05,tip_etf,-0.00992238
2022-06,tip_etf,-0.03115477
2022-07,tip_etf,0.04309827
2022-08,tip_etf,-0.02704213
2022-09,tip_etf,-0.06732338
2022-10,tip_etf,0.01420379
2022-11,tip_etf,0.01832889
2022-12,tip_etf,-0.01317331
2023-01,tip_etf,0.02076275
2023-02,tip_etf,-0.01352972
2023-03,tip_etf,0.02864333
2023-04,tip_etf,0.00051747
2023-05,tip_etf,-0.01196034
2023-06,tip_etf,-0.0033987
2023-07,tip_etf,0.00041099
2023-08,tip_etf,-0.00812622
2023-09,tip_etf,-0.01916835
2023-10,tip_etf,-0.00723324
2023-11,tip_etf,0.0277679
2023-12,tip_etf,0.02435831
2024-01,tip_etf,0.00334887
2024-02,tip_etf,-0.01047748
2024-03,tip_etf,0.00646563
2024-04,tip_etf,-0.01690831
2024-05,tip_etf,0.01777059
2024-06,tip_etf,0.00761514
2024-07,tip_etf,0.01727429
2024-08,tip_etf,0.00799028
2024-09,tip_etf,0.01497606
2024-10,tip_etf,-0.01846892
2024-11,tip_etf,0.0049808
2024-12,tip_etf,-0.01714423
2025-01,tip_etf,0.01370247
2025-02,tip_etf,0.0215721
2025-03,tip_etf,0.00679711
2025-04,tip_etf,0.00125936
2025-05,tip_etf,-0.00631905
2025-06,tip_etf,0.00938374
2025-07,tip_etf,9.131e-05
2025-08,tip_etf,0.01612344
2025-09,tip_etf,0.00421663
2025-10,tip_etf,0.00322459
2025-11,tip_etf,0.00217084
2025-12,tip_etf,-0.00619059
2016-01,emb_etf,0.0
2016-02,emb_etf,0.01754187
2016-03,emb_etf,0.0331336
2016-04,emb_etf,0.01554778
2016-05,emb_etf,-0.00215782
2016-06,emb_etf,0.0417417
2016-07,emb_etf,0.01368888
2016-08,emb_etf,0.01323343
2016-09,emb_etf,0.0041296
2016-10,emb_etf,-0.01729022
2016-11,emb_etf,-0.04312993
2016-12,emb_etf,0.01486942
2017-01,emb_etf,0.01732843
2017-02,emb_etf,0.01676122
2017-03,emb_etf,0.00513631
2017-04,emb_etf,0.01710182
2017-05,emb_etf,0.00761586
2017-06,emb_etf,-0.00717091
2017-07,emb_etf,0.0117895
2017-08,emb_etf,0.01989442
2017-09,emb_etf,-0.00187824
2017-10,emb_etf,0.00243221
2017-11,emb_etf,-0.00272015
2017-12,emb_etf,0.01245098
2018-01,emb_etf,-0.00637389
2018-02,emb_etf,-0.02181686
2018-03,emb_etf,0.00552647
2018-04,emb_etf,-0.02050812
2018-05,emb_etf,-0.00810172
2018-06,emb_etf,-0.01492788
2018-07,emb_etf,0.02573268
2018-08,emb_etf,-0.02319096
2018-09,emb_etf,0.02030934
2018-10,emb_etf,-0.02514903
2018-11,emb_etf,-0.00488483
2018-12,emb_etf,0.01907404
2019-01,emb_etf,0.04782941
2019-02,emb_etf,0.00398379
2019-03,emb_etf,0.01506091
2019-04,emb_etf,0.00177008
2019-05,emb_etf,0.00492918
2019-06,emb_etf,0.03526448
2019-07,emb_etf,0.00733679
2019-08,emb_etf,0.01552139
2019-09,emb_etf,-0.01096781
2019-10,emb_etf,0.0057545
2019-11,emb_etf,-0.00949632
2019-12,emb_etf,0.02945965
2020-01,emb_etf,0.01239484
2020-02,emb_etf,-0.01253808
2020-03,emb_etf,-0.14971444
2020-04,emb_etf,0.0439278
2020-05,emb_etf,0.06271421
2020-06,emb_etf,0.0297656
2020-07,emb_etf,0.03857068
2020-08,emb_etf,0.00725392
2020-09,emb_etf,-0.02081252
2020-10,emb_etf,-0.00456048
2020-11,emb_etf,0.04219931
2020-12,emb_etf,0.02155524
2021-01,emb_etf,-0.01777243
2021-02,emb_etf,-0.03047033
2021-03,emb_etf,-0.00728481
2021-04,emb_etf,0.02402963
2021-05,emb_etf,0.00963958
2021-06,emb_etf,0.00859176
2021-07,emb_etf,0.00557519
2021-08,emb_etf,0.00898747
2021-09,emb_etf,-0.02637958
2021-10,emb_etf,0.00159527
2021-11,emb_etf,-0.01882574
2021-12,emb_etf,0.02162853
2022-01,emb_etf,-0.03374302
2022-02,emb_etf,-0.05530134
2022-03,emb_etf,-0.01096637
2022-04,emb_etf,-0.06671973
2022-05,emb_etf,0.00810876
2022-06,emb_etf,-0.06154123
2022-07,emb_etf,0.03602943
2022-08,emb_etf,-0.02707795
2022-09,emb_etf,-0.06575038
2022-10,emb_etf,-0.00163235
2022-11,emb_etf,0.10076688
2022-12,emb_etf,-0.01358553
2023-01,emb_etf,0.03924813
2023-02,emb_etf,-0.02691818
2023-03,emb_etf,0.01672126
2023-04,emb_etf,0.00270037
2023-05,emb_etf,-0.01188811
2023-06,emb_etf,0.02502767
2023-07,emb_etf,0.01723998
2023-08,emb_etf,-0.01845827
2023-09,emb_etf,-0.03328243
2023-10,emb_etf,-0.01189012
2023-11,emb_etf,0.06237909
2023-12,emb_etf,0.04548385
2024-01,emb_etf,-0.01212657
2024-02,emb_etf,0.00784127
2024-03,emb_etf,0.01997404
2024-04,emb_etf,-0.02411997
2024-05,emb_etf,0.02605169
2024-06,emb_etf,-0.00233401
2024-07,emb_etf,0.02668576
2024-08,emb_etf,0.0226629
2024-09,emb_etf,0.02014558
2024-10,emb_etf,-0.0244109
2024-11,emb_etf,0.01825429
2024-12,emb_etf,-0.02228167
2025-01,emb_etf,0.01695849
2025-02,emb_etf,0.02131871
2025-03,emb_etf,-0.01150097
2025-04,emb_etf,-0.00255009
2025-05,emb_etf,0.01163489
2025-06,emb_etf,0.02688624
2025-07,emb_etf,0.00682998
2025-08,emb_etf,0.01796473
2025-09,emb_etf,0.01570659
2025-10,emb_etf,0.0197581
2025-11,emb_etf,0.0049661
2025-12,emb_etf,0.00316369
2016-01,bndx_etf,0.0
2016-02,bndx_etf,0.01263208
2016-03,bndx_etf,0.00748152
2016-04,bndx_etf,-0.00264337
2016-05,bndx_etf,0.00747945
2016-06,bndx_etf,0.01949295
2016-07,bndx_etf,0.00819469
2016-08,bndx_etf,0.00071409
2016-09,bndx_etf,0.00010682
2016-10,bndx_etf,-0.01257465
2016-11,bndx_etf,-0.0124781
2016-12,bndx_etf,0.00424928
2017-01,bndx_etf,-0.00976206
2017-02,bndx_etf,0.00884293
2017-03,bndx_etf,-0.00025834
2017-04,bndx_etf,0.00491827
2017-05,bndx_etf,0.00729244
2017-06,bndx_etf,-0.00536167
2017-07,bndx_etf,0.00163914
2017-08,bndx_etf,0.00934678
2017-09,bndx_etf,-0.00403257
2017-10,bndx_etf,0.00621586
2017-11,bndx_etf,0.00233418
2017-12,bndx_etf,0.00272986
2018-01,bndx_etf,-0.00570172
2018-02,bndx_etf,0.00257372
2018-03,bndx_etf,0.01151407
2018-04,bndx_etf,-0.00142664
2018-05,bndx_etf,-0.00232767
2018-06,bndx_etf,0.00601313
2018-07,bndx_etf,0.00142643
2018-08,bndx_etf,0.00054878
2018-09,bndx_etf,-0.00235994
2018-10,bndx_etf,0.00073496
2018-11,bndx_etf,0.00521231
2018-12,bndx_etf,0.01172042
2019-01,bndx_etf,0.00995353
2019-02,bndx_etf,0.00208269
2019-03,bndx_etf,0.01762682
2019-04,bndx_etf,0.00166897
2019-05,bndx_etf,0.01275122
2019-06,bndx_etf,0.01566901
2019-07,bndx_etf,0.01249064
2019-08,bndx_etf,0.02113751
2019-09,bndx_etf,-0.00418122
2019-10,bndx_etf,-0.00489952
2019-11,bndx_etf,-0.0047575
2019-12,bndx_etf,-0.00307819
2020-01,bndx_etf,0.01891069
2020-02,bndx_etf,0.00668388
2020-03,bndx_etf,-0.02909645
2020-04,bndx_etf,0.01905409
2020-05,bndx_etf,0.00414061
2020-06,bndx_etf,0.00536369
2020-07,bndx_etf,0.00948328
2020-08,bndx_etf,-0.00759674
2020-09,bndx_etf,0.00861433
2020-10,bndx_etf,0.00337124
2020-11,bndx_etf,0.00389417
2020-12,bndx_etf,0.00360974
2021-01,bndx_etf,-0.00631975
2021-02,bndx_etf,-0.01659899
2021-03,bndx_etf,-8.75e-05
2021-04,bndx_etf,-0.00190951
2021-05,bndx_etf,-1.787e-05
2021-06,bndx_etf,0.00370925
2021-07,bndx_etf,0.01493218
2021-08,bndx_etf,-0.00430282
2021-09,bndx_etf,-0.0107677
2021-10,bndx_etf,-0.00442727
2021-11,bndx_etf,0.01057741
2021-12,bndx_etf,-0.00747259
2022-01,bndx_etf,-0.01377781
2022-02,bndx_etf,-0.01256628
2022-03,bndx_etf,-0.02227985
2022-04,bndx_etf,-0.02999887
2022-05,bndx_etf,-0.00673365
2022-06,bndx_etf,-0.01721946
2022-07,bndx_etf,0.03218369
2022-08,bndx_etf,-0.03606912
2022-09,bndx_etf,-0.02893069
2022-10,bndx_etf,0.00545302
2022-11,bndx_etf,0.02430767
2022-12,bndx_etf,-0.02749049
2023-01,bndx_etf,0.02361365
2023-02,bndx_etf,-0.01499382
2023-03,bndx_etf,0.02555504
2023-04,bndx_etf,0.00208819
2023-05,bndx_etf,0.00143224
2023-06,bndx_etf,6.124e-05
2023-07,bndx_etf,-0.00127045
2023-08,bndx_etf,0.00209635
2023-09,bndx_etf,-0.01748131
2023-10,bndx_etf,-0.00148676
2023-11,bndx_etf,0.03433075
2023-12,bndx_etf,0.03220264
2024-01,bndx_etf,-0.00587377
2024-02,bndx_etf,-0.00538856
2024-03,bndx_etf,0.01120361
2024-04,bndx_etf,-0.01403286
2024-05,bndx_etf,0.00287656
2024-06,bndx_etf,0.00632689
2024-07,bndx_etf,0.02126536
2024-08,bndx_etf,0.00506957
2024-09,bndx_etf,0.01250538
2024-10,bndx_etf,-0.00723347
2024-11,bndx_etf,0.01665255
2024-12,bndx_etf,-0.00768059
2025-01,bndx_etf,0.00244629
2025-02,bndx_etf,0.00882481
2025-03,bndx_etf,-0.01184096
2025-04,bndx_etf,0.01720322
2025-05,bndx_etf,8.107e-05
2025-06,bndx_etf,0.00338434
2025-07,bndx_etf,-0.00113344
2025-08,bndx_etf,0.0013606
2025-09,bndx_etf,0.00526409
2025-10,bndx_etf,0.01002939
2025-11,bndx_etf,-0.00182948
2025-12,bndx_etf,-0.00519142
2016-01,ief_etf,0.0
2016-02,ief_etf,0.01486029
2016-03,ief_etf,-0.00066074
2016-04,ief_etf,-0.00156138
2016-05,ief_etf,-0.00099322
2016-06,ief_etf,0.03087707
2016-07,ief_etf,0.00246454
2016-08,ief_etf,-0.01011427
2016-09,ief_etf,0.00237382
2016-10,ief_etf,-0.01494651
2016-11,ief_etf,-0.04227225
2016-12,ief_etf,-0.0011849
2017-01,ief_etf,0.00219422
2017-02,ief_etf,0.00723655
2017-03,ief_etf,0.00080483
2017-04,ief_etf,0.01108829
2017-05,ief_etf,0.00826707
2017-06,ief_etf,-0.00509441
2017-07,ief_etf,0.00374764
2017-08,ief_etf,0.01457561
2017-09,ief_etf,-0.0144157
2017-10,ief_etf,-0.0018894
2017-11,ief_etf,-0.00279284
2017-12,ief_etf,0.00184757
2018-01,ief_etf,-0.02150226
2018-02,ief_etf,-0.00932767
2018-03,ief_etf,0.01155773
2018-04,ief_etf,-0.01276532
2018-05,ief_etf,0.00986132
2018-06,ief_etf,0.00197407
2018-07,ief_etf,-0.00527732
2018-08,ief_etf,0.01013951
2018-09,ief_etf,-0.01205054
2018-10,ief_etf,-0.00303051
2018-11,ief_etf,0.01330135
2018-12,ief_etf,0.02804224
2019-01,ief_etf,0.0065261
2019-02,ief_etf,-0.00525548
2019-03,ief_etf,0.02655159
2019-04,ief_etf,-0.00518522
2019-05,ief_etf,0.03048581
2019-06,ief_etf,0.0121718
2019-07,ief_etf,0.00038215
2019-08,ief_etf,0.03951636
2019-09,ief_etf,-0.01186048
2019-10,ief_etf,0.0018789
2019-11,ief_etf,-0.00687184
2019-12,ief_etf,-0.00928092
2020-01,ief_etf,0.03465795
2020-02,ief_etf,0.02961748
2020-03,ief_etf,0.03722674
2020-04,ief_etf,0.00275278
2020-05,ief_etf,0.00327417
2020-06,ief_etf,0.00042719
2020-07,ief_etf,0.0085409
2020-08,ief_etf,-0.00969818
2020-09,ief_etf,0.00327787
2020-10,ief_etf,-0.01380817
2020-11,ief_etf,0.00338381
2020-12,ief_etf,-0.00238494
2021-01,ief_etf,-0.01092098
2021-02,ief_etf,-0.02363317
2021-03,ief_etf,-0.02385705
2021-04,ief_etf,0.0100122
2021-05,ief_etf,0.00424881
2021-06,ief_etf,0.01022609
2021-07,ief_etf,0.01990206
2021-08,ief_etf,-0.00394439
2021-09,ief_etf,-0.0159707
2021-10,ief_etf,-0.00442949
2021-11,ief_etf,0.0109215
2021-12,ief_etf,-0.00524043
2022-01,ief_etf,-0.02113065
2022-02,ief_etf,-0.00304089
2022-03,ief_etf,-0.04060902
2022-04,ief_etf,-0.04228293
2022-05,ief_etf,0.00618411
2022-06,ief_etf,-0.00863463
2022-07,ief_etf,0.02961489
2022-08,ief_etf,-0.03853839
2022-09,ief_etf,-0.04734959
2022-10,ief_etf,-0.0145403
2022-11,ief_etf,0.03612222
2022-12,ief_etf,-0.01488042
2023-01,ief_etf,0.03581084
2023-02,ief_etf,-0.0327073
2023-03,ief_etf,0.0372103
2023-04,ief_etf,0.00814792
2023-05,ief_etf,-0.01438328
2023-06,ief_etf,-0.01255297
2023-07,ief_etf,-0.00651647
2023-08,ief_etf,-0.00730889
2023-09,ief_etf,-0.03138854
2023-10,ief_etf,-0.01927708
2023-11,ief_etf,0.04554462
2023-12,ief_etf,0.03772274
2024-01,ief_etf,0.00072611
2024-02,ief_etf,-0.02082622
2024-03,ief_etf,0.00733202
2024-04,ief_etf,-0.03129786
2024-05,ief_etf,0.0180017
2024-06,ief_etf,0.01216974
2024-07,ief_etf,0.0289723
2024-08,ief_etf,0.01345787
2024-09,ief_etf,0.01382487
2024-10,ief_etf,-0.03387371
2024-11,ief_etf,0.01020949
2024-12,ief_etf,-0.02258419
2025-01,ief_etf,0.00616556
2025-02,ief_etf,0.02799702
2025-03,ief_etf,0.00341956
2025-04,ief_etf,0.01056097
2025-05,ief_etf,-0.01239605
2025-06,ief_etf,0.01601964
2025-07,ief_etf,-0.00593925
2025-08,ief_etf,0.01648159
2025-09,ief_etf,0.00651116
2025-10,ief_etf,0.00711255
2025-11,ief_etf,0.00988138
2025-12,ief_etf,-0.00761178
2016-01,tlt_etf,0.0
2016-02,tlt_etf,0.03085952
2016-03,tlt_etf,-0.00093268
2016-04,tlt_etf,-0.00736584
2016-05,tlt_etf,0.00805444
2016-06,tlt_etf,0.06934203
2016-07,tlt_etf,0.02102486
2016-08,tlt_etf,-0.01013483
2016-09,tlt_etf,-0.01508353
2016-10,tlt_etf,-0.04380706
2016-11,tlt_etf,-0.08213695
2016-12,tlt_etf,-0.00462601
2017-01,tlt_etf,0.00814252
2017-02,tlt_etf,0.0158455
2017-03,tlt_etf,-0.00655077
2017-04,tlt_etf,0.01573197
2017-05,tlt_etf,0.01887913
2017-06,tlt_etf,0.00791846
2017-07,tlt_etf,-0.0065834
2017-08,tlt_etf,0.03408756
2017-09,tlt_etf,-0.02322953
2017-10,tlt_etf,-0.00038542
2017-11,tlt_etf,0.00743154
2017-12,tlt_etf,0.01812626
2018-01,tlt_etf,-0.03255567
2018-02,tlt_etf,-0.03041418
2018-03,tlt_etf,0.02859632
2018-04,tlt_etf,-0.0208812
2018-05,tlt_etf,0.02004442
2018-06,tlt_etf,0.00645705
2018-07,tlt_etf,-0.0143684
2018-08,tlt_etf,0.01312054
2018-09,tlt_etf,-0.02864329
2018-10,tlt_etf,-0.02930531
2018-11,tlt_etf,0.01787223
2018-12,tlt_etf,0.05853536
2019-01,tlt_etf,0.00378558
2019-02,tlt_etf,-0.01376433
2019-03,tlt_etf,0.05571681
2019-04,tlt_etf,-0.01991052
2019-05,tlt_etf,0.06839193
2019-06,tlt_etf,0.00950129
2019-07,tlt_etf,0.00256541
2019-08,tlt_etf,0.11049123
2019-09,tlt_etf,-0.02679912
2019-10,tlt_etf,-0.01113211
2019-11,tlt_etf,-0.0040713
2019-12,tlt_etf,-0.03197533
2020-01,tlt_etf,0.07691171
2020-02,tlt_etf,0.06626514
2020-03,tlt_etf,0.06376654
2020-04,tlt_etf,0.0121893
2020-05,tlt_etf,-0.01761889
2020-06,tlt_etf,0.00336606
2020-07,tlt_etf,0.04435151
2020-08,tlt_etf,-0.05046549
2020-09,tlt_etf,0.00773427
2020-10,tlt_etf,-0.03385237
2020-11,tlt_etf,0.0166395
2020-12,tlt_etf,-0.01227647
2021-01,tlt_etf,-0.03632794
2021-02,tlt_etf,-0.05732989
2021-03,tlt_etf,-0.05245245
2021-04,tlt_etf,0.02495119
2021-05,tlt_etf,2.185e-05
2021-06,tlt_etf,0.04419111
2021-07,tlt_etf,0.03716659
2021-08,tlt_etf,-0.00340223
2021-09,tlt_etf,-0.02907022
2021-10,tlt_etf,0.02465074
2021-11,tlt_etf,0.0277151
2021-12,tlt_etf,-0.02013873
2022-01,tlt_etf,-0.03913876
2022-02,tlt_etf,-0.01632966
2022-03,tlt_etf,-0.0544443
2022-04,tlt_etf,-0.09423852
2022-05,tlt_etf,-0.02253309
2022-06,tlt_etf,-0.01274566
2022-07,tlt_etf,0.02431032
2022-08,tlt_etf,-0.0455308
2022-09,tlt_etf,-0.08235117
2022-10,tlt_etf,-0.05964435
2022-11,tlt_etf,0.07151071
2022-12,tlt_etf,-0.02620041
2023-01,tlt_etf,0.07643624
2023-02,tlt_etf,-0.04850561
2023-03,tlt_etf,0.04839388
2023-04,tlt_etf,0.00338352
2023-05,tlt_etf,-0.03015336
2023-06,tlt_etf,0.00217128
2023-07,tlt_etf,-0.02544295
2023-08,tlt_etf,-0.03142044
2023-09,tlt_etf,-0.07951156
2023-10,tlt_etf,-0.05463153
2023-11,tlt_etf,0.09923834
2023-12,tlt_etf,0.08685801
2024-01,tlt_etf,-0.0224514
2024-02,tlt_etf,-0.02252207
2024-03,tlt_etf,0.00782855
2024-04,tlt_etf,-0.06455437
2024-05,tlt_etf,0.02886944
2024-06,tlt_etf,0.01817177
2024-07,tlt_etf,0.03629923
2024-08,tlt_etf,0.02111217
2024-09,tlt_etf,0.01999445
2024-10,tlt_etf,-0.05454866
2024-11,tlt_etf,0.01987213
2024-12,tlt_etf,-0.06381005
2025-01,tlt_etf,0.00492362
2025-02,tlt_etf,0.05697099
2025-03,tlt_etf,-0.01204678
2025-04,tlt_etf,-0.01360477
2025-05,tlt_etf,-0.03210596
2025-06,tlt_etf,0.02664007
2025-07,tlt_etf,-0.01139627
2025-08,tlt_etf,0.00012695
2025-09,tlt_etf,0.03590976
2025-10,tlt_etf,0.01381082
2025-11,tlt_etf,0.00272331
2025-12,tlt_etf,-0.02658599
2016-01,shy_etf,0.0
2016-02,shy_etf,0.00111949
2016-03,shy_etf,0.00137797
2016-04,shy_etf,0.00036452
2016-05,shy_etf,-0.00118934
2016-06,shy_etf,0.00602563
2016-07,shy_etf,-0.00046898
2016-08,shy_etf,-0.00233634
2016-09,shy_etf,0.00129512
2016-10,shy_etf,-0.00048262
2016-11,shy_etf,-0.00469907
2016-12,shy_etf,0.00072328
2017-01,shy_etf,0.00106552
2017-02,shy_etf,0.00036759
2017-03,shy_etf,0.00063899
2017-04,shy_etf,0.00187097
2017-05,shy_etf,0.00073307
2017-06,shy_etf,-0.00078099
2017-07,shy_etf,0.00186017
2017-08,shy_etf,0.00202332
2017-09,shy_etf,-0.00186791
2017-10,shy_etf,-0.00091199
2017-11,shy_etf,-0.00216182
2017-12,shy_etf,-0.00020138
2018-01,shy_etf,-0.002862
2018-02,shy_etf,-0.00100616
2018-03,shy_etf,0.00247122
2018-04,shy_etf,-0.00234792
2018-05,shy_etf,0.00352291
2018-06,shy_etf,0.00043212
2018-07,shy_etf,-0.00060066
2018-08,shy_etf,0.00346713
2018-09,shy_etf,-0.00142973
2018-10,shy_etf,0.00153135
2018-11,shy_etf,0.00380992
2018-12,shy_etf,0.00759839
2019-01,shy_etf,0.00251158
2019-02,shy_etf,0.00085972
2019-03,shy_etf,0.00626822
2019-04,shy_etf,0.00183521
2019-05,shy_etf,0.00721771
2019-06,shy_etf,0.00460979
2019-07,shy_etf,-0.00063869
2019-08,shy_etf,0.00781809
2019-09,shy_etf,-0.00134166
2019-10,shy_etf,0.00312908
2019-11,shy_etf,-0.00047174
2019-12,shy_etf,0.00154969
2020-01,shy_etf,0.00579058
2020-02,shy_etf,0.0087661
2020-03,shy_etf,0.01244092
2020-04,shy_etf,0.00272598
2020-05,shy_etf,-0.00078379
2020-06,shy_etf,0.00023135
2020-07,shy_etf,0.00093566
2020-08,shy_etf,-0.00023098
2020-09,shy_etf,-1.149e-05
2020-10,shy_etf,-0.00046277
2020-11,shy_etf,0.00021985
2020-12,shy_etf,0.00040494
2021-01,shy_etf,0.0002317
2021-02,shy_etf,-0.00057861
2021-03,shy_etf,-0.00055638
2021-04,shy_etf,0.00056828
2021-05,shy_etf,0.00060273
2021-06,shy_etf,-0.00171453
2021-07,shy_etf,0.00165977
2021-08,shy_etf,-0.00032462
2021-09,shy_etf,-0.00100862
2021-10,shy_etf,-0.00335517
2021-11,shy_etf,-0.00057123
2021-12,shy_etf,-0.00212302
2022-01,shy_etf,-0.00689662
2022-02,shy_etf,-0.0043215
2022-03,shy_etf,-0.01401817
2022-04,shy_etf,-0.00496874
2022-05,shy_etf,0.00596187
2022-06,shy_etf,-0.00594296
2022-07,shy_etf,0.00409841
2022-08,shy_etf,-0.00810025
2022-09,shy_etf,-0.01192373
2022-10,shy_etf,-0.00125788
2022-11,shy_etf,0.00693831
2022-12,shy_etf,0.00117649
2023-01,shy_etf,0.00776183
2023-02,shy_etf,-0.00805935
2023-03,shy_etf,0.01647987
2023-04,shy_etf,0.00243938
2023-05,shy_etf,-0.00376868
2023-06,shy_etf,-0.00494606
2023-07,shy_etf,0.00304212
2023-08,shy_etf,0.00410299
2023-09,shy_etf,-0.0007893
2023-10,shy_etf,0.00333059
2023-11,shy_etf,0.01051977
2023-12,shy_etf,0.01103424
2024-01,shy_etf,0.00316916
2024-02,shy_etf,-0.0038752
2024-03,shy_etf,0.00343543
2024-04,shy_etf,-0.00441675
2024-05,shy_etf,0.00719555
2024-06,shy_etf,0.0054426
2024-07,shy_etf,0.01179634
2024-08,shy_etf,0.00891945
2024-09,shy_etf,0.0077325
2024-10,shy_etf,-0.00623846
2024-11,shy_etf,0.00296098
2024-12,shy_etf,0.00250446
2025-01,shy_etf,0.00378134
2025-02,shy_etf,0.00735201
2025-03,shy_etf,0.00440721
2025-04,shy_etf,0.00812604
2025-05,shy_etf,-0.00254626
2025-06,shy_etf,0.00585113
2025-07,shy_etf,-0.00092034
2025-08,shy_etf,0.00887537
2025-09,shy_etf,0.00287714
2025-10,shy_etf,0.00333727
2025-11,shy_etf,0.00438833
2025-12,shy_etf,0.0029475
