date,aaa_yield_pct,baa_yield_pct,treasury_1y_pct,treasury_2y_pct,treasury_5y_pct,treasury_10y_pct,treasury_20y_pct,treasury_30y_pct,avg_treasury_curve_pct,corp_aaa_spread_pct,corp_baa_spread_pct,corp_baa_aaa_spread_pct,treasury_slope_10y_2y_pct,treasury_slope_30y_10y_pct,monthly_change_t10_pct,monthly_change_aaa_spread_pct,monthly_change_baa_spread_pct,rate_vol_3m_pct,spread_vol_3m_pct
2016-01-01,4.0,5.45,0.54,0.9,1.52,2.09,2.49,2.86,1.733333,1.91,3.36,1.45,1.19,0.77,0.0,0.0,0.0,0.0,0.0
2016-02-01,3.96,5.34,0.53,0.73,1.22,1.78,2.2,2.62,1.513333,2.18,3.56,1.38,1.05,0.84,-0.31,0.27,0.2,0.0,0.0
2016-03-01,3.82,5.13,0.66,0.88,1.38,1.89,2.28,2.68,1.628333,1.93,3.24,1.31,1.01,0.79,0.11,-0.25,-0.32,0.217792,0.262298
2016-04-01,3.62,4.79,0.56,0.77,1.26,1.81,2.21,2.62,1.538333,1.81,2.98,1.17,1.04,0.81,-0.08,-0.12,-0.26,0.210317,0.284488
2016-05-01,3.65,4.68,0.59,0.82,1.3,1.81,2.22,2.63,1.561667,1.84,2.87,1.03,0.99,0.82,0.0,0.03,-0.11,0.095394,0.108167
2016-06-01,3.5,4.53,0.55,0.73,1.17,1.64,2.02,2.45,1.426667,1.86,2.89,1.03,0.91,0.81,-0.17,0.02,0.02,0.085049,0.140119
2016-07-01,3.28,4.22,0.51,0.67,1.07,1.5,1.82,2.23,1.3,1.78,2.72,0.94,0.83,0.73,-0.14,-0.08,-0.17,0.090738,0.097125
2016-08-01,3.32,4.24,0.57,0.74,1.13,1.56,1.89,2.26,1.358333,1.76,2.68,0.92,0.82,0.7,0.06,-0.02,-0.04,0.125033,0.097125
2016-09-01,3.41,4.31,0.59,0.77,1.18,1.63,2.02,2.35,1.423333,1.78,2.68,0.9,0.86,0.72,0.07,0.02,-0.0,0.118462,0.088882
2016-10-01,3.51,4.38,0.66,0.84,1.27,1.76,2.17,2.5,1.533333,1.75,2.62,0.87,0.92,0.74,0.13,-0.03,-0.06,0.037859,0.030551
2016-11-01,3.86,4.71,0.74,0.98,1.6,2.14,2.54,2.86,1.81,1.72,2.57,0.85,1.16,0.72,0.38,-0.03,-0.05,0.164418,0.032146
2016-12-01,4.06,4.83,0.87,1.2,1.96,2.49,2.84,3.11,2.078333,1.57,2.34,0.77,1.29,0.62,0.35,-0.15,-0.23,0.136504,0.10116
2017-01-01,3.92,4.66,0.83,1.21,1.92,2.43,2.75,3.02,2.026667,1.49,2.23,0.74,1.22,0.59,-0.06,-0.08,-0.11,0.245832,0.091652
2017-02-01,3.95,4.64,0.82,1.2,1.9,2.42,2.76,3.03,2.021667,1.53,2.22,0.69,1.22,0.61,-0.01,0.04,-0.01,0.223681,0.110151
2017-03-01,4.01,4.68,1.01,1.31,2.01,2.48,2.83,3.08,2.12,1.53,2.2,0.67,1.17,0.6,0.06,-0.0,-0.02,0.060277,0.055076
2017-04-01,3.87,4.57,1.04,1.24,1.82,2.3,2.67,2.94,2.001667,1.57,2.27,0.7,1.06,0.64,-0.18,0.04,0.07,0.123423,0.049329
2017-05-01,3.85,4.55,1.12,1.3,1.84,2.3,2.7,2.96,2.036667,1.55,2.25,0.7,1.0,0.66,0.0,-0.02,-0.02,0.1249,0.051962
2017-06-01,3.68,4.37,1.2,1.34,1.77,2.19,2.54,2.8,1.973333,1.49,2.18,0.69,0.85,0.61,-0.11,-0.06,-0.07,0.090738,0.070946
2017-07-01,3.7,4.39,1.22,1.37,1.87,2.32,2.65,2.88,2.051667,1.38,2.07,0.69,0.95,0.56,0.13,-0.11,-0.11,0.120139,0.045092
2017-08-01,3.63,4.31,1.23,1.34,1.78,2.21,2.55,2.8,1.985,1.42,2.1,0.68,0.87,0.59,-0.11,0.04,0.03,0.138564,0.072111
2017-09-01,3.63,4.3,1.28,1.38,1.8,2.2,2.53,2.78,1.995,1.43,2.1,0.67,0.82,0.58,-0.01,0.01,0.0,0.120554,0.073711
2017-10-01,3.6,4.32,1.4,1.55,1.98,2.36,2.65,2.88,2.136667,1.24,1.96,0.72,0.81,0.52,0.16,-0.19,-0.14,0.136504,0.090738
2017-11-01,3.57,4.27,1.56,1.7,2.05,2.35,2.6,2.8,2.176667,1.22,1.92,0.7,0.65,0.45,-0.01,-0.02,-0.04,0.09815,0.072111
2017-12-01,3.51,4.22,1.7,1.84,2.18,2.4,2.6,2.77,2.248333,1.11,1.82,0.71,0.56,0.37,0.05,-0.11,-0.1,0.086217,0.050332
2018-01-01,3.55,4.26,1.8,2.03,2.38,2.58,2.73,2.88,2.4,0.97,1.68,0.71,0.55,0.3,0.18,-0.14,-0.14,0.097125,0.050332
2018-02-01,3.82,4.51,1.96,2.18,2.6,2.86,3.02,3.13,2.625,0.96,1.65,0.69,0.68,0.27,0.28,-0.01,-0.03,0.115326,0.055678
2018-03-01,3.87,4.64,2.06,2.28,2.63,2.84,2.97,3.09,2.645,1.03,1.8,0.77,0.56,0.25,-0.02,0.07,0.15,0.152753,0.146401
2018-04-01,3.85,4.67,2.15,2.38,2.7,2.87,2.96,3.07,2.688333,0.98,1.8,0.82,0.49,0.2,0.03,-0.05,0.0,0.160728,0.096437
2018-05-01,4.0,4.83,2.27,2.51,2.82,2.98,3.05,3.13,2.793333,1.02,1.85,0.83,0.47,0.15,0.11,0.04,0.05,0.065574,0.076376
2018-06-01,3.96,4.83,2.33,2.53,2.78,2.91,2.98,3.05,2.763333,1.05,1.92,0.87,0.38,0.14,-0.07,0.03,0.07,0.090185,0.036056
2018-07-01,3.87,4.79,2.39,2.61,2.78,2.89,2.94,3.01,2.77,0.98,1.9,0.92,0.28,0.12,-0.02,-0.07,-0.02,0.092916,0.047258
2018-08-01,3.88,4.77,2.45,2.64,2.77,2.89,2.97,3.04,2.793333,0.99,1.88,0.89,0.25,0.15,0.0,0.01,-0.02,0.036056,0.051962
2018-09-01,3.98,4.88,2.56,2.77,2.89,3.0,3.08,3.15,2.908333,0.98,1.88,0.9,0.23,0.15,0.11,-0.01,0.0,0.07,0.011547
2018-10-01,4.14,5.07,2.65,2.86,3.0,3.15,3.27,3.34,3.045,0.99,1.92,0.93,0.29,0.19,0.15,0.01,0.04,0.077675,0.030551
2018-11-01,4.22,5.22,2.7,2.86,2.95,3.12,3.27,3.36,3.043333,1.1,2.1,1.0,0.26,0.24,-0.03,0.11,0.18,0.094516,0.094516
2018-12-01,4.02,5.13,2.66,2.68,2.68,2.83,2.98,3.1,2.821667,1.19,2.3,1.11,0.15,0.27,-0.29,0.09,0.2,0.221209,0.087178
2019-01-01,3.93,5.12,2.58,2.54,2.54,2.71,2.89,3.04,2.716667,1.22,2.41,1.19,0.17,0.33,-0.12,0.03,0.11,0.132035,0.047258
2019-02-01,3.79,4.95,2.55,2.5,2.49,2.68,2.87,3.02,2.685,1.11,2.27,1.16,0.18,0.34,-0.03,-0.11,-0.14,0.132035,0.176163
2019-03-01,3.77,4.84,2.49,2.41,2.37,2.57,2.8,2.98,2.603333,1.2,2.27,1.07,0.16,0.41,-0.11,0.09,0.0,0.049329,0.1253
2019-04-01,3.69,4.7,2.42,2.34,2.33,2.53,2.76,2.94,2.553333,1.16,2.17,1.01,0.19,0.41,-0.04,-0.04,-0.1,0.043589,0.072111
2019-05-01,3.67,4.63,2.34,2.21,2.19,2.4,2.63,2.82,2.431667,1.27,2.23,0.96,0.19,0.42,-0.13,0.11,0.06,0.047258,0.080829
2019-06-01,3.42,4.46,2.0,1.81,1.83,2.07,2.36,2.57,2.106667,1.35,2.39,1.04,0.26,0.5,-0.33,0.08,0.16,0.148436,0.131149
2019-07-01,3.29,4.28,1.96,1.84,1.83,2.06,2.36,2.57,2.103333,1.23,2.22,0.99,0.22,0.51,-0.01,-0.12,-0.17,0.161658,0.169214
2019-08-01,2.98,3.87,1.77,1.57,1.49,1.63,1.91,2.12,1.748333,1.35,2.24,0.89,0.06,0.49,-0.43,0.12,0.02,0.219393,0.16563
2019-09-01,3.03,3.91,1.8,1.65,1.57,1.7,1.97,2.16,1.808333,1.33,2.21,0.88,0.05,0.46,0.07,-0.02,-0.03,0.268576,0.098489
2019-10-01,3.01,3.92,1.61,1.55,1.53,1.71,2.0,2.19,1.765,1.3,2.21,0.91,0.16,0.48,0.01,-0.03,0.0,0.273008,0.025166
2019-11-01,3.06,3.94,1.57,1.61,1.64,1.81,2.13,2.28,1.84,1.25,2.13,0.88,0.2,0.47,0.1,-0.05,-0.08,0.045826,0.040415
2019-12-01,3.01,3.88,1.55,1.61,1.68,1.86,2.16,2.3,1.86,1.15,2.02,0.87,0.25,0.44,0.05,-0.1,-0.11,0.045092,0.056862
2020-01-01,2.94,3.77,1.53,1.52,1.56,1.76,2.07,2.22,1.776667,1.18,2.01,0.83,0.24,0.46,-0.1,0.03,-0.01,0.104083,0.051316
2020-02-01,2.78,3.61,1.41,1.33,1.32,1.5,1.81,1.97,1.556667,1.28,2.11,0.83,0.17,0.47,-0.26,0.1,0.1,0.155027,0.10504
2020-03-01,3.02,4.29,0.33,0.45,0.59,0.87,1.26,1.46,0.826667,2.15,3.42,1.27,0.42,0.59,-0.63,0.87,1.31,0.271846,0.732416
2020-04-01,2.43,4.13,0.18,0.22,0.39,0.66,1.06,1.27,0.63,1.77,3.47,1.7,0.44,0.61,-0.21,-0.38,0.05,0.22942,0.713466
2020-05-01,2.5,3.95,0.16,0.17,0.34,0.67,1.12,1.38,0.64,1.83,3.28,1.45,0.5,0.71,0.01,0.06,-0.19,0.325167,0.805729
2020-06-01,2.44,3.64,0.18,0.19,0.34,0.73,1.27,1.49,0.7,1.71,2.91,1.2,0.54,0.76,0.06,-0.12,-0.37,0.143643,0.210713
2020-07-01,2.14,3.31,0.15,0.15,0.28,0.62,1.09,1.31,0.6,1.52,2.69,1.17,0.47,0.69,-0.11,-0.19,-0.22,0.087369,0.096437
2020-08-01,2.25,3.27,0.13,0.14,0.27,0.65,1.14,1.36,0.615,1.6,2.62,1.02,0.51,0.71,0.03,0.08,-0.07,0.090738,0.15
2020-09-01,2.31,3.36,0.13,0.13,0.27,0.68,1.21,1.42,0.64,1.63,2.68,1.05,0.55,0.74,0.03,0.03,0.06,0.080829,0.140119
2020-10-01,2.35,3.44,0.13,0.15,0.34,0.79,1.34,1.57,0.72,1.56,2.65,1.09,0.64,0.78,0.11,-0.07,-0.03,0.046188,0.066583
2020-11-01,2.3,3.3,0.12,0.17,0.39,0.87,1.4,1.62,0.761667,1.43,2.43,1.0,0.7,0.75,0.08,-0.13,-0.22,0.040415,0.142945
2020-12-01,2.26,3.16,0.1,0.14,0.39,0.93,1.47,1.67,0.783333,1.33,2.23,0.9,0.79,0.74,0.06,-0.1,-0.2,0.025166,0.104403
2021-01-01,2.45,3.24,0.1,0.13,0.45,1.08,1.63,1.82,0.868333,1.37,2.16,0.79,0.95,0.74,0.15,0.04,-0.07,0.047258,0.081445
2021-02-01,2.7,3.42,0.07,0.12,0.54,1.26,1.88,2.04,0.985,1.44,2.16,0.72,1.14,0.78,0.18,0.07,0.0,0.06245,0.101489
2021-03-01,3.04,3.74,0.08,0.15,0.82,1.61,2.24,2.34,1.206667,1.43,2.13,0.7,1.46,0.73,0.35,-0.01,-0.03,0.107858,0.035119
2021-04-01,2.9,3.6,0.06,0.16,0.86,1.64,2.2,2.3,1.203333,1.26,1.96,0.7,1.48,0.66,0.03,-0.17,-0.17,0.160104,0.090738
2021-05-01,2.96,3.62,0.05,0.16,0.82,1.62,2.22,2.32,1.198333,1.34,2.0,0.66,1.46,0.7,-0.02,0.08,0.04,0.200749,0.106927
2021-06-01,2.79,3.44,0.07,0.2,0.84,1.52,2.09,2.16,1.146667,1.27,1.92,0.65,1.32,0.64,-0.1,-0.07,-0.08,0.065574,0.105357
2021-07-01,2.57,3.24,0.08,0.22,0.76,1.32,1.87,1.94,1.031667,1.25,1.92,0.67,1.1,0.62,-0.2,-0.02,0.0,0.090185,0.061101
2021-08-01,2.55,3.24,0.07,0.22,0.77,1.28,1.83,1.92,1.015,1.27,1.96,0.69,1.06,0.64,-0.04,0.02,0.04,0.080829,0.061101
2021-09-01,2.53,3.23,0.08,0.24,0.86,1.37,1.87,1.94,1.06,1.16,1.86,0.7,1.13,0.57,0.09,-0.11,-0.1,0.145258,0.072111
2021-10-01,2.68,3.35,0.11,0.39,1.11,1.58,2.03,2.06,1.213333,1.1,1.77,0.67,1.19,0.48,0.21,-0.06,-0.09,0.125033,0.078102
2021-11-01,2.62,3.28,0.18,0.51,1.2,1.56,1.97,1.94,1.226667,1.06,1.72,0.66,1.05,0.38,-0.02,-0.04,-0.05,0.115036,0.026458
2021-12-01,2.65,3.3,0.3,0.68,1.23,1.47,1.9,1.85,1.238333,1.18,1.83,0.65,0.79,0.38,-0.09,0.12,0.11,0.15695,0.10583
2022-01-01,2.93,3.58,0.55,0.98,1.54,1.76,2.15,2.1,1.513333,1.17,1.82,0.65,0.78,0.34,0.29,-0.01,-0.01,0.202237,0.083267
2022-02-01,3.25,3.97,1.0,1.44,1.81,1.93,2.31,2.25,1.79,1.32,2.04,0.72,0.49,0.32,0.17,0.15,0.22,0.194251,0.115036
2022-03-01,3.43,4.29,1.34,1.91,2.11,2.13,2.51,2.41,2.068333,1.3,2.16,0.86,0.22,0.28,0.2,-0.02,0.12,0.06245,0.115326
2022-04-01,3.76,4.66,1.89,2.54,2.78,2.75,2.99,2.81,2.626667,1.01,1.91,0.9,0.21,0.06,0.62,-0.29,-0.25,0.251595,0.247588
2022-05-01,4.13,5.12,2.06,2.62,2.87,2.9,3.26,3.07,2.796667,1.23,2.22,0.99,0.28,0.17,0.15,0.22,0.31,0.258134,0.284781
2022-06-01,4.24,5.27,2.65,3.0,3.19,3.14,3.48,3.25,3.118333,1.1,2.13,1.03,0.14,0.11,0.24,-0.13,-0.09,0.249466,0.288444
2022-07-01,4.06,5.21,3.02,3.04,2.96,2.9,3.35,3.1,3.061667,1.16,2.31,1.15,-0.14,0.2,-0.24,0.06,0.18,0.255147,0.204042
2022-08-01,4.07,5.15,3.28,3.25,3.03,2.9,3.35,3.13,3.156667,1.17,2.25,1.08,-0.35,0.23,0.0,0.01,-0.06,0.24,0.147986
2022-09-01,4.59,5.69,3.89,3.86,3.7,3.52,3.82,3.56,3.725,1.07,2.17,1.1,-0.34,0.04,0.62,-0.1,-0.08,0.443772,0.144684
2022-10-01,5.1,6.26,4.43,4.38,4.18,3.98,4.28,4.04,4.215,1.12,2.28,1.16,-0.4,0.06,0.46,0.05,0.11,0.32187,0.104403
2022-11-01,4.9,6.07,4.73,4.5,4.06,3.89,4.22,4.0,4.233333,1.01,2.18,1.17,-0.61,0.11,-0.09,-0.11,-0.1,0.372424,0.115902
2022-12-01,4.43,5.59,4.68,4.29,3.76,3.62,3.87,3.66,3.98,0.81,1.97,1.16,-0.67,0.04,-0.27,-0.2,-0.21,0.380307,0.162583
2023-01-01,4.4,5.5,4.69,4.21,3.64,3.53,3.81,3.66,3.923333,0.87,1.97,1.1,-0.68,0.13,-0.09,0.06,0.0,0.103923,0.10504
2023-02-01,4.56,5.59,4.93,4.53,3.94,3.75,3.95,3.8,4.15,0.81,1.84,1.03,-0.78,0.05,0.22,-0.06,-0.13,0.247857,0.105987
2023-03-01,4.6,5.71,4.68,4.3,3.82,3.66,3.94,3.77,4.028333,0.94,2.05,1.11,-0.64,0.11,-0.09,0.13,0.21,0.178979,0.171561
2023-04-01,4.47,5.53,4.68,4.02,3.54,3.46,3.8,3.68,3.863333,1.01,2.07,1.06,-0.56,0.22,-0.2,0.07,0.02,0.217792,0.170392
2023-05-01,4.67,5.77,4.91,4.13,3.59,3.57,3.96,3.86,4.003333,1.1,2.2,1.1,-0.56,0.29,0.11,0.09,0.13,0.157162,0.095394
2023-06-01,4.65,5.75,5.24,4.64,3.95,3.75,4.04,3.87,4.248333,0.9,2.0,1.1,-0.89,0.12,0.18,-0.2,-0.2,0.202237,0.168028
2023-07-01,4.66,5.74,5.37,4.83,4.14,3.9,4.15,3.96,4.391667,0.76,1.84,1.08,-0.93,0.06,0.15,-0.14,-0.16,0.035119,0.180093
2023-08-01,4.95,6.02,5.37,4.9,4.31,4.17,4.46,4.28,4.581667,0.78,1.85,1.07,-0.73,0.11,0.27,0.02,0.01,0.06245,0.111505
2023-09-01,5.13,6.16,5.44,5.02,4.49,4.38,4.65,4.47,4.741667,0.75,1.78,1.03,-0.64,0.09,0.21,-0.03,-0.07,0.06,0.085049
2023-10-01,5.61,6.63,5.42,5.07,4.77,4.8,5.13,4.95,5.023333,0.81,1.83,1.02,-0.27,0.15,0.42,0.06,0.05,0.108167,0.061101
2023-11-01,5.28,6.29,5.28,4.88,4.49,4.5,4.84,4.66,4.775,0.78,1.79,1.01,-0.38,0.16,-0.3,-0.03,-0.04,0.37027,0.06245
2023-12-01,4.74,5.64,4.96,4.46,4.0,4.02,4.32,4.14,4.316667,0.72,1.62,0.9,-0.44,0.12,-0.48,-0.06,-0.17,0.476235,0.110604
2024-01-01,4.87,5.68,4.79,4.32,3.98,4.06,4.39,4.26,4.3,0.81,1.62,0.81,-0.26,0.2,0.04,0.09,0.0,0.264071,0.088882
2024-02-01,5.03,5.77,4.92,4.54,4.19,4.21,4.49,4.38,4.455,0.82,1.56,0.74,-0.33,0.17,0.15,0.01,-0.06,0.336502,0.086217
2024-03-01,5.01,5.75,4.99,4.59,4.2,4.21,4.46,4.36,4.468333,0.8,1.54,0.74,-0.38,0.15,0.0,-0.02,-0.02,0.077675,0.030551
2024-04-01,5.28,6.0,5.14,4.87,4.56,4.54,4.77,4.66,4.756667,0.74,1.46,0.72,-0.33,0.12,0.33,-0.06,-0.08,0.165227,0.030551
2024-05-01,5.25,5.95,5.16,4.86,4.5,4.48,4.71,4.62,4.721667,0.77,1.47,0.7,-0.38,0.14,-0.06,0.03,0.01,0.21,0.045826
2024-06-01,5.13,5.82,5.11,4.74,4.32,4.31,4.54,4.44,4.576667,0.82,1.51,0.69,-0.43,0.13,-0.17,0.05,0.04,0.262742,0.06245
2024-07-01,5.12,5.84,4.9,4.5,4.16,4.25,4.56,4.46,4.471667,0.87,1.59,0.72,-0.25,0.21,-0.06,0.05,0.08,0.063509,0.035119
2024-08-01,4.87,5.6,4.43,3.97,3.71,3.87,4.25,4.15,4.063333,1.0,1.73,0.73,-0.1,0.28,-0.38,0.13,0.14,0.162583,0.050332
2024-09-01,4.68,5.42,4.03,3.62,3.5,3.72,4.1,4.04,3.835,0.96,1.7,0.74,0.1,0.32,-0.15,-0.04,-0.03,0.165025,0.086217
2024-10-01,4.95,5.63,4.2,3.97,3.91,4.1,4.44,4.38,4.166667,0.85,1.53,0.68,0.13,0.28,0.38,-0.11,-0.17,0.389744,0.155242
2024-11-01,5.14,5.78,4.33,4.26,4.23,4.36,4.63,4.54,4.391667,0.78,1.42,0.64,0.1,0.18,0.26,-0.07,-0.11,0.277909,0.070238
2024-12-01,5.2,5.8,4.23,4.23,4.25,4.39,4.66,4.58,4.39,0.81,1.41,0.6,0.16,0.19,0.03,0.03,-0.01,0.177858,0.080829
2025-01-01,5.46,6.08,4.18,4.27,4.43,4.63,4.92,4.85,4.546667,0.83,1.45,0.62,0.36,0.22,0.24,0.02,0.04,0.12741,0.076376
2025-02-01,5.32,5.92,4.19,4.21,4.28,4.45,4.73,4.68,4.423333,0.87,1.47,0.6,0.24,0.23,-0.18,0.04,0.02,0.21,0.025166
2025-03-01,5.29,5.93,4.06,3.97,4.04,4.28,4.63,4.6,4.263333,1.01,1.65,0.64,0.31,0.32,-0.17,0.14,0.18,0.239653,0.087178
2025-04-01,5.45,6.18,3.95,3.78,3.91,4.28,4.74,4.71,4.228333,1.17,1.9,0.73,0.5,0.43,0.0,0.16,0.25,0.10116,0.117898
2025-05-01,5.54,6.29,4.09,3.92,4.02,4.42,4.92,4.9,4.378333,1.12,1.87,0.75,0.5,0.48,0.14,-0.05,-0.03,0.155242,0.145717
2025-06-01,5.46,6.15,4.06,3.89,3.96,4.38,4.9,4.89,4.346667,1.08,1.77,0.69,0.49,0.51,-0.04,-0.04,-0.1,0.094516,0.185203
2025-07-01,5.45,6.1,4.08,3.88,3.95,4.39,4.92,4.92,4.356667,1.06,1.71,0.65,0.51,0.53,0.01,-0.02,-0.06,0.092916,0.035119
2025-08-01,5.35,6.0,3.89,3.7,3.79,4.26,4.85,4.87,4.226667,1.09,1.74,0.65,0.56,0.61,-0.13,0.03,0.03,0.070946,0.066583
2025-09-01,5.21,5.83,3.66,3.57,3.66,4.12,4.71,4.74,4.076667,1.09,1.71,0.62,0.55,0.62,-0.14,0.0,-0.03,0.083865,0.045826
2025-10-01,5.13,5.74,3.61,3.52,3.65,4.06,4.61,4.64,4.015,1.07,1.68,0.61,0.54,0.58,-0.06,-0.02,-0.03,0.043589,0.034641
2025-11-01,5.26,5.86,3.66,3.55,3.67,4.09,4.67,4.7,4.056667,1.17,1.77,0.6,0.54,0.61,0.03,0.1,0.09,0.085049,0.069282
2025-12-01,5.31,5.9,3.54,3.5,3.7,4.14,4.76,4.8,4.073333,1.17,1.76,0.59,0.64,0.66,0.05,0.0,-0.01,0.058595,0.064291
