bond_id,bond_type,rating_bucket,region,tax_status,face_value,minimum_increment,maturity_years,duration_years,coupon_rate_pct,market_price,yield_to_worst_pct,expected_annual_return_pct,annual_volatility_pct,liquidity_score,level_beta,slope_beta,spread_ig_beta,spread_hy_beta,muni_beta,fx_beta
BOND_0001,treasury,AAA,US,taxable,5000,5000,11.99,9.95,3.758,100.15,4.357,3.888,3.914,0.919,1.006,0.231,0.0,0.0,0.0,0.0
BOND_0002,treasury,AAA,US,taxable,1000,1000,15.01,12.98,3.863,100.46,4.45,3.918,4.432,0.926,0.917,0.428,0.0,0.0,0.0,0.0
BOND_0003,treasury,AAA,US,taxable,1000,1000,26.23,23.63,5.318,105.53,4.885,4.153,6.106,0.987,0.935,0.305,0.0,0.0,0.0,0.0
BOND_0004,treasury,AAA,US,taxable,1000,1000,27.08,21.46,4.789,104.49,4.923,4.205,5.981,0.92,1.025,0.176,0.0,0.0,0.0,0.0
BOND_0005,treasury,AAA,US,taxable,5000,5000,16.84,15.31,4.604,89.58,4.502,3.932,4.752,0.951,1.006,0.36,0.0,0.0,0.0,0.0
BOND_0006,treasury,AAA,US,taxable,25000,25000,15.53,13.31,5.138,111.47,4.462,3.927,4.456,0.935,0.92,0.364,0.0,0.0,0.0,0.0
BOND_0007,treasury,AAA,US,taxable,1000,1000,22.75,19.79,4.96,100.05,4.772,4.095,5.644,0.93,1.013,0.388,0.0,0.0,0.0,0.0
BOND_0008,treasury,AAA,US,taxable,1000,1000,3.11,2.35,3.484,88.41,3.448,3.167,2.342,0.97,0.961,0.258,0.0,0.0,0.0,0.0
BOND_0009,treasury,AAA,US,taxable,10000,10000,23.22,19.15,5.323,110.7,4.712,4.061,5.423,0.956,1.007,0.217,0.0,0.0,0.0,0.0
BOND_0010,treasury,AAA,US,taxable,5000,5000,17.82,15.1,4.851,102.34,4.581,4.02,4.672,0.962,0.951,0.16,0.0,0.0,0.0,0.0
BOND_0011,treasury,AAA,US,taxable,25000,25000,12.58,11.55,4.23,109.05,4.256,3.785,3.919,0.99,0.936,0.409,0.0,0.0,0.0,0.0
BOND_0012,treasury,AAA,US,taxable,25000,25000,13.59,10.36,4.995,103.96,4.427,3.945,4.019,0.911,0.906,0.178,0.0,0.0,0.0,0.0
BOND_0013,treasury,AAA,US,taxable,10000,10000,24.75,20.7,4.763,100.05,4.68,3.995,5.706,0.955,0.965,0.196,0.0,0.0,0.0,0.0
BOND_0014,treasury,AAA,US,taxable,25000,25000,10.29,9.35,3.416,93.83,4.054,3.619,3.62,0.966,1.025,0.434,0.0,0.0,0.0,0.0
BOND_0015,treasury,AAA,US,taxable,5000,5000,11.37,10.26,3.622,104.12,4.295,3.846,3.738,0.977,0.983,0.209,0.0,0.0,0.0,0.0
BOND_0016,treasury,AAA,US,taxable,25000,25000,5.01,3.83,3.998,94.15,3.78,3.441,2.825,0.916,0.986,0.171,0.0,0.0,0.0,0.0
BOND_0017,treasury,AAA,US,taxable,1000,1000,4.24,3.87,3.467,90.15,3.585,3.25,2.798,0.925,0.997,0.289,0.0,0.0,0.0,0.0
BOND_0018,treasury,AAA,US,taxable,1000,1000,24.86,22.08,4.991,109.24,4.769,4.048,6.01,0.941,0.976,0.327,0.0,0.0,0.0,0.0
BOND_0019,treasury,AAA,US,taxable,10000,10000,5.83,4.39,4.452,97.68,3.728,3.382,2.883,0.927,1.047,0.228,0.0,0.0,0.0,0.0
BOND_0020,treasury,AAA,US,taxable,25000,25000,11.02,10.06,3.696,107.61,4.129,3.658,3.929,0.921,1.042,0.383,0.0,0.0,0.0,0.0
BOND_0021,treasury,AAA,US,taxable,25000,25000,26.99,23.07,4.193,98.31,4.816,4.083,6.107,0.962,0.972,0.358,0.0,0.0,0.0,0.0
BOND_0022,treasury,AAA,US,taxable,10000,10000,21.43,18.6,4.554,101.61,4.662,4.003,5.492,0.914,0.961,0.164,0.0,0.0,0.0,0.0
BOND_0023,treasury,AAA,US,taxable,1000,1000,18.14,13.64,4.717,102.56,4.605,4.047,4.649,0.901,0.941,0.343,0.0,0.0,0.0,0.0
BOND_0024,treasury,AAA,US,taxable,5000,5000,7.72,6.28,4.112,98.85,3.87,3.506,3.034,0.974,1.0,0.336,0.0,0.0,0.0,0.0
BOND_0025,treasury,AAA,US,taxable,10000,10000,15.93,12.31,4.216,109.3,4.579,4.055,4.363,0.913,1.036,0.416,0.0,0.0,0.0,0.0
BOND_0026,treasury,AAA,US,taxable,10000,10000,7.68,6.28,3.946,109.53,4.049,3.66,3.241,0.922,1.013,0.185,0.0,0.0,0.0,0.0
BOND_0027,treasury,AAA,US,taxable,1000,1000,10.24,9.2,4.146,90.09,4.046,3.597,3.745,0.928,0.984,0.261,0.0,0.0,0.0,0.0
BOND_0028,treasury,AAA,US,taxable,10000,10000,25.1,20.39,5.011,101.01,4.867,4.177,5.754,0.929,1.048,0.354,0.0,0.0,0.0,0.0
BOND_0029,treasury,AAA,US,taxable,1000,1000,15.79,12.31,4.011,88.89,4.594,4.091,4.193,0.956,0.934,0.345,0.0,0.0,0.0,0.0
BOND_0030,treasury,AAA,US,taxable,25000,25000,21.87,19.4,4.742,107.2,4.853,4.189,5.53,0.94,0.977,0.159,0.0,0.0,0.0,0.0
BOND_0031,treasury,AAA,US,taxable,25000,25000,26.29,20.17,4.116,108.32,4.793,4.105,5.738,0.923,0.947,0.182,0.0,0.0,0.0,0.0
BOND_0032,treasury,AAA,US,taxable,25000,25000,2.39,2.03,3.293,107.16,3.626,3.321,2.541,0.906,0.972,0.353,0.0,0.0,0.0,0.0
BOND_0033,treasury,AAA,US,taxable,25000,25000,23.66,19.6,4.088,108.36,4.691,4.041,5.42,0.977,1.01,0.322,0.0,0.0,0.0,0.0
BOND_0034,treasury,AAA,US,taxable,5000,5000,24.24,19.35,4.83,91.57,4.768,4.099,5.577,0.926,0.988,0.201,0.0,0.0,0.0,0.0
BOND_0035,treasury,AAA,US,taxable,5000,5000,2.28,1.98,3.624,105.94,3.423,3.125,2.482,0.918,0.992,0.347,0.0,0.0,0.0,0.0
BOND_0036,treasury,AAA,US,taxable,25000,25000,13.13,11.0,4.535,94.94,4.248,3.759,4.076,0.926,0.951,0.152,0.0,0.0,0.0,0.0
BOND_0037,treasury,AAA,US,taxable,1000,1000,27.98,21.44,4.339,90.06,4.735,4.04,5.792,0.967,0.979,0.19,0.0,0.0,0.0,0.0
BOND_0038,treasury,AAA,US,taxable,25000,25000,3.39,2.61,3.862,90.67,3.541,3.239,2.514,0.939,0.919,0.185,0.0,0.0,0.0,0.0
BOND_0039,treasury,AAA,US,taxable,1000,1000,9.25,7.98,4.04,88.53,4.097,3.67,3.56,0.919,1.015,0.318,0.0,0.0,0.0,0.0
BOND_0040,treasury,AAA,US,taxable,1000,1000,2.8,2.25,2.997,93.89,3.638,3.352,2.38,0.956,1.039,0.233,0.0,0.0,0.0,0.0
BOND_0041,treasury,AAA,US,taxable,1000,1000,4.65,3.73,3.51,110.81,3.576,3.261,2.626,0.962,1.036,0.431,0.0,0.0,0.0,0.0
BOND_0042,treasury,AAA,US,taxable,10000,10000,17.03,14.63,4.72,105.25,4.679,4.128,4.589,0.961,0.962,0.337,0.0,0.0,0.0,0.0
BOND_0043,treasury,AAA,US,taxable,1000,1000,13.72,11.8,4.56,93.84,4.433,3.937,4.137,0.947,0.94,0.206,0.0,0.0,0.0,0.0
BOND_0044,treasury,AAA,US,taxable,10000,10000,14.93,13.63,5.215,94.34,4.496,3.952,4.534,0.93,0.902,0.216,0.0,0.0,0.0,0.0
BOND_0045,treasury,AAA,US,taxable,1000,1000,12.05,10.38,4.392,105.31,4.149,3.679,3.914,0.939,0.926,0.387,0.0,0.0,0.0,0.0
BOND_0046,treasury,AAA,US,taxable,1000,1000,11.64,9.3,3.697,109.91,4.231,3.802,3.575,0.975,0.993,0.166,0.0,0.0,0.0,0.0
BOND_0047,treasury,AAA,US,taxable,5000,5000,18.81,15.54,4.146,105.27,4.697,4.118,4.822,0.944,0.926,0.342,0.0,0.0,0.0,0.0
BOND_0048,treasury,AAA,US,taxable,25000,25000,6.26,5.69,3.441,108.91,3.871,3.518,2.942,0.971,0.906,0.357,0.0,0.0,0.0,0.0
BOND_0049,treasury,AAA,US,taxable,10000,10000,27.5,22.38,4.936,93.64,4.81,4.091,5.992,0.959,1.044,0.151,0.0,0.0,0.0,0.0
BOND_0050,treasury,AAA,US,taxable,10000,10000,18.01,14.81,4.525,90.76,4.75,4.188,4.687,0.945,1.041,0.372,0.0,0.0,0.0,0.0
BOND_0051,treasury,AAA,US,taxable,10000,10000,8.9,8.07,3.717,103.52,4.012,3.588,3.535,0.929,1.039,0.271,0.0,0.0,0.0,0.0
BOND_0052,treasury,AAA,US,taxable,25000,25000,23.79,19.17,4.848,90.43,4.822,4.164,5.485,0.941,0.948,0.152,0.0,0.0,0.0,0.0
BOND_0053,treasury,AAA,US,taxable,10000,10000,18.8,15.01,4.243,94.09,4.696,4.138,4.649,0.963,0.914,0.379,0.0,0.0,0.0,0.0
BOND_0054,treasury,AAA,US,taxable,25000,25000,26.77,20.81,5.001,106.88,4.857,4.18,5.635,0.978,0.945,0.339,0.0,0.0,0.0,0.0
BOND_0055,treasury,AAA,US,taxable,25000,25000,21.77,17.6,4.877,88.94,4.696,4.052,5.363,0.901,1.041,0.363,0.0,0.0,0.0,0.0
BOND_0056,treasury,AAA,US,taxable,10000,10000,22.41,19.92,5.04,109.57,4.712,4.02,5.775,0.903,0.901,0.404,0.0,0.0,0.0,0.0
BOND_0057,treasury,AAA,US,taxable,1000,1000,10.68,8.87,4.989,88.73,4.314,3.872,3.686,0.928,1.017,0.205,0.0,0.0,0.0,0.0
BOND_0058,treasury,AAA,US,taxable,5000,5000,9.7,7.65,4.015,107.31,4.071,3.671,3.333,0.961,0.939,0.164,0.0,0.0,0.0,0.0
BOND_0059,treasury,AAA,US,taxable,5000,5000,14.47,11.99,3.834,93.27,4.337,3.837,4.163,0.949,1.016,0.284,0.0,0.0,0.0,0.0
BOND_0060,treasury,AAA,US,taxable,1000,1000,13.61,12.23,5.18,93.0,4.48,3.973,4.232,0.942,0.92,0.162,0.0,0.0,0.0,0.0
BOND_0061,treasury,AAA,US,taxable,5000,5000,3.58,2.98,3.608,101.79,3.573,3.251,2.683,0.913,0.981,0.434,0.0,0.0,0.0,0.0
BOND_0062,treasury,AAA,US,taxable,25000,25000,20.65,17.11,4.834,101.93,4.783,4.179,5.034,0.962,0.96,0.245,0.0,0.0,0.0,0.0
BOND_0063,treasury,AAA,US,taxable,25000,25000,16.11,13.44,4.498,90.49,4.419,3.891,4.394,0.957,0.986,0.347,0.0,0.0,0.0,0.0
BOND_0064,treasury,AAA,US,taxable,5000,5000,22.86,18.23,4.22,99.66,4.791,4.15,5.344,0.934,0.945,0.171,0.0,0.0,0.0,0.0
BOND_0065,treasury,AAA,US,taxable,1000,1000,14.92,11.99,3.706,97.93,4.385,3.904,4.005,0.988,0.973,0.341,0.0,0.0,0.0,0.0
BOND_0066,treasury,AAA,US,taxable,25000,25000,17.49,13.42,4.931,89.71,4.615,4.075,4.496,0.93,1.05,0.163,0.0,0.0,0.0,0.0
BOND_0067,treasury,AAA,US,taxable,10000,10000,17.12,14.47,4.649,108.18,4.676,4.132,4.532,0.968,1.019,0.254,0.0,0.0,0.0,0.0
BOND_0068,treasury,AAA,US,taxable,10000,10000,22.25,17.11,5.124,94.5,4.829,4.219,5.084,0.949,0.946,0.383,0.0,0.0,0.0,0.0
BOND_0069,treasury,AAA,US,taxable,25000,25000,10.31,8.3,4.862,100.31,4.156,3.734,3.513,0.945,1.01,0.183,0.0,0.0,0.0,0.0
BOND_0070,treasury,AAA,US,taxable,10000,10000,8.4,7.71,3.483,90.18,4.044,3.632,3.431,0.939,0.942,0.257,0.0,0.0,0.0,0.0
BOND_0071,treasury,AAA,US,taxable,10000,10000,21.68,19.67,5.136,104.8,4.852,4.206,5.389,0.988,1.043,0.335,0.0,0.0,0.0,0.0
BOND_0072,treasury,AAA,US,taxable,1000,1000,6.72,5.22,3.205,97.27,3.934,3.585,2.91,0.957,1.024,0.301,0.0,0.0,0.0,0.0
BOND_0073,treasury,AAA,US,taxable,5000,5000,14.59,12.57,4.477,109.55,4.542,4.023,4.327,0.934,1.037,0.18,0.0,0.0,0.0,0.0
BOND_0074,treasury,AAA,US,taxable,10000,10000,23.64,21.07,4.558,105.48,4.671,3.972,5.824,0.942,1.036,0.289,0.0,0.0,0.0,0.0
BOND_0075,treasury,AAA,US,taxable,1000,1000,7.55,6.08,3.951,95.4,4.019,3.63,3.247,0.912,0.959,0.205,0.0,0.0,0.0,0.0
BOND_0076,treasury,AAA,US,taxable,10000,10000,3.93,3.43,4.179,101.72,3.711,3.403,2.563,0.963,1.034,0.344,0.0,0.0,0.0,0.0
BOND_0077,treasury,AAA,US,taxable,1000,1000,15.74,13.21,4.27,96.53,4.45,3.925,4.378,0.95,0.907,0.445,0.0,0.0,0.0,0.0
BOND_0078,treasury,AAA,US,taxable,1000,1000,11.32,9.91,4.056,106.97,4.322,3.846,3.965,0.905,0.902,0.311,0.0,0.0,0.0,0.0
BOND_0079,treasury,AAA,US,taxable,10000,10000,1.81,1.55,3.829,106.73,3.606,3.318,2.405,0.919,0.932,0.191,0.0,0.0,0.0,0.0
BOND_0080,treasury,AAA,US,taxable,25000,25000,4.63,4.25,3.209,98.32,3.552,3.219,2.774,0.948,0.984,0.372,0.0,0.0,0.0,0.0
BOND_0081,treasury,AAA,US,taxable,5000,5000,19.63,17.5,5.435,110.63,4.734,4.105,5.247,0.926,0.925,0.176,0.0,0.0,0.0,0.0
BOND_0082,treasury,AAA,US,taxable,5000,5000,9.79,8.1,3.455,100.25,4.051,3.638,3.443,0.954,0.961,0.268,0.0,0.0,0.0,0.0
BOND_0083,treasury,AAA,US,taxable,1000,1000,12.51,11.22,4.444,107.82,4.284,3.788,4.133,0.922,1.017,0.18,0.0,0.0,0.0,0.0
BOND_0084,treasury,AAA,US,taxable,10000,10000,16.23,14.35,4.941,90.34,4.557,4.006,4.596,0.947,1.002,0.276,0.0,0.0,0.0,0.0
BOND_0085,treasury,AAA,US,taxable,5000,5000,22.14,18.02,5.016,110.07,4.688,4.051,5.312,0.933,0.937,0.398,0.0,0.0,0.0,0.0
BOND_0086,treasury,AAA,US,taxable,5000,5000,11.52,9.55,4.344,96.8,4.256,3.792,3.86,0.915,1.013,0.366,0.0,0.0,0.0,0.0
BOND_0087,treasury,AAA,US,taxable,5000,5000,20.27,17.17,5.234,109.23,4.873,4.247,5.212,0.92,1.025,0.218,0.0,0.0,0.0,0.0
BOND_0088,treasury,AAA,US,taxable,10000,10000,25.41,21.24,4.103,109.91,4.827,4.124,5.856,0.942,0.919,0.314,0.0,0.0,0.0,0.0
BOND_0089,treasury,AAA,US,taxable,5000,5000,3.08,2.72,3.405,88.01,3.562,3.272,2.409,0.97,0.94,0.162,0.0,0.0,0.0,0.0
BOND_0090,treasury,AAA,US,taxable,25000,25000,5.75,5.25,3.299,93.09,3.753,3.415,2.816,0.982,1.034,0.16,0.0,0.0,0.0,0.0
BOND_0091,treasury,AAA,US,taxable,25000,25000,22.06,19.75,4.127,96.87,4.71,4.057,5.438,0.979,1.011,0.411,0.0,0.0,0.0,0.0
BOND_0092,treasury,AAA,US,taxable,1000,1000,7.75,7.12,3.748,110.72,3.951,3.554,3.307,0.944,0.956,0.41,0.0,0.0,0.0,0.0
BOND_0093,treasury,AAA,US,taxable,1000,1000,19.96,16.89,4.637,105.24,4.805,4.198,5.063,0.944,0.997,0.171,0.0,0.0,0.0,0.0
BOND_0094,treasury,AAA,US,taxable,25000,25000,6.24,5.28,3.421,101.24,3.935,3.559,3.134,0.904,1.031,0.381,0.0,0.0,0.0,0.0
BOND_0095,treasury,AAA,US,taxable,10000,10000,19.75,15.9,5.251,88.99,4.751,4.152,4.989,0.918,1.021,0.205,0.0,0.0,0.0,0.0
BOND_0096,treasury,AAA,US,taxable,5000,5000,11.21,10.21,4.414,107.59,4.181,3.713,3.902,0.934,1.0,0.332,0.0,0.0,0.0,0.0
BOND_0097,treasury,AAA,US,taxable,25000,25000,16.61,12.9,4.035,91.98,4.649,4.142,4.222,0.975,0.993,0.343,0.0,0.0,0.0,0.0
BOND_0098,treasury,AAA,US,taxable,5000,5000,27.22,22.12,5.087,90.95,4.702,3.961,6.175,0.902,0.909,0.379,0.0,0.0,0.0,0.0
BOND_0099,treasury,AAA,US,taxable,1000,1000,22.88,18.28,5.161,92.04,4.825,4.205,5.166,0.981,1.036,0.155,0.0,0.0,0.0,0.0
BOND_0100,treasury,AAA,US,taxable,5000,5000,11.71,9.99,4.701,99.26,4.197,3.717,3.998,0.9,0.927,0.386,0.0,0.0,0.0,0.0
BOND_0101,treasury,AAA,US,taxable,5000,5000,21.81,16.69,4.765,110.17,4.756,4.138,5.151,0.914,0.985,0.199,0.0,0.0,0.0,0.0
BOND_0102,treasury,AAA,US,taxable,1000,1000,17.37,15.81,4.403,94.69,4.602,4.023,4.831,0.954,0.905,0.329,0.0,0.0,0.0,0.0
BOND_0103,treasury,AAA,US,taxable,25000,25000,11.87,9.57,5.009,95.88,4.326,3.876,3.755,0.942,1.007,0.24,0.0,0.0,0.0,0.0
BOND_0104,treasury,AAA,US,taxable,1000,1000,27.97,23.6,5.503,95.96,4.875,4.107,6.398,0.912,0.963,0.41,0.0,0.0,0.0,0.0
BOND_0105,treasury,AAA,US,taxable,5000,5000,12.03,9.56,5.035,107.07,4.389,3.928,3.838,0.921,0.958,0.338,0.0,0.0,0.0,0.0
BOND_0106,treasury,AAA,US,taxable,5000,5000,13.24,12.08,3.891,106.6,4.402,3.916,4.05,0.981,1.031,0.332,0.0,0.0,0.0,0.0
BOND_0107,treasury,AAA,US,taxable,5000,5000,23.34,18.43,4.71,92.8,4.677,4.052,5.206,0.978,0.998,0.418,0.0,0.0,0.0,0.0
BOND_0108,treasury,AAA,US,taxable,1000,1000,24.21,21.9,4.096,103.34,4.784,4.063,6.002,0.935,0.921,0.364,0.0,0.0,0.0,0.0
BOND_0109,treasury,AAA,US,taxable,5000,5000,3.49,2.98,3.312,89.76,3.482,3.192,2.412,0.981,1.034,0.395,0.0,0.0,0.0,0.0
BOND_0110,treasury,AAA,US,taxable,1000,1000,10.42,8.61,3.955,88.39,4.119,3.677,3.686,0.916,0.987,0.163,0.0,0.0,0.0,0.0
BOND_0111,treasury,AAA,US,taxable,25000,25000,23.97,19.91,4.14,107.74,4.683,3.996,5.727,0.914,0.944,0.155,0.0,0.0,0.0,0.0
BOND_0112,treasury,AAA,US,taxable,10000,10000,14.69,13.42,4.137,96.45,4.375,3.841,4.454,0.94,0.983,0.386,0.0,0.0,0.0,0.0
BOND_0113,treasury,AAA,US,taxable,1000,1000,27.38,24.96,5.285,96.24,4.697,3.897,6.672,0.905,0.956,0.396,0.0,0.0,0.0,0.0
BOND_0114,treasury,AAA,US,taxable,1000,1000,5.63,4.65,2.901,92.39,3.623,3.293,2.749,0.972,0.971,0.228,0.0,0.0,0.0,0.0
BOND_0115,treasury,AAA,US,taxable,25000,25000,4.46,4.04,4.28,95.23,3.765,3.45,2.628,0.975,0.924,0.182,0.0,0.0,0.0,0.0
BOND_0116,treasury,AAA,US,taxable,10000,10000,21.56,18.18,4.534,90.2,4.843,4.206,5.302,0.943,0.963,0.247,0.0,0.0,0.0,0.0
BOND_0117,treasury,AAA,US,taxable,10000,10000,16.29,13.81,4.199,106.24,4.627,4.075,4.6,0.921,0.949,0.306,0.0,0.0,0.0,0.0
BOND_0118,treasury,AAA,US,taxable,25000,25000,22.68,18.23,4.951,98.33,4.71,4.074,5.305,0.944,0.99,0.232,0.0,0.0,0.0,0.0
BOND_0119,treasury,AAA,US,taxable,1000,1000,27.67,22.57,4.367,98.93,4.872,4.14,6.102,0.94,1.009,0.382,0.0,0.0,0.0,0.0
BOND_0120,treasury,AAA,US,taxable,5000,5000,6.92,6.32,3.338,101.59,3.935,3.547,3.234,0.926,0.934,0.169,0.0,0.0,0.0,0.0
BOND_0121,corporate,A,US,taxable,1000,1000,14.25,10.79,5.983,90.72,5.707,4.971,6.136,0.764,0.783,0.186,0.961,0.111,0.0,0.0
BOND_0122,corporate,BB,US,taxable,1000,1000,11.19,9.51,6.183,91.22,6.736,5.71,8.546,0.464,0.865,0.337,0.704,1.097,0.0,0.0
BOND_0123,corporate,A,US,taxable,25000,25000,13.29,11.73,5.533,103.7,5.353,4.517,6.967,0.621,0.841,0.287,1.068,0.086,0.0,0.0
BOND_0124,corporate,A,US,taxable,5000,5000,3.53,3.01,5.33,104.63,4.675,4.145,4.419,0.859,1.003,0.128,0.928,0.169,0.0,0.0
BOND_0125,corporate,BB,US,taxable,5000,5000,14.16,10.12,8.43,108.08,8.321,7.345,8.133,0.551,0.788,0.278,0.799,0.931,0.0,0.0
BOND_0126,corporate,AA,US,taxable,25000,25000,3.92,3.22,3.836,93.3,4.352,3.618,6.11,0.47,0.782,0.253,0.986,0.182,0.0,0.0
BOND_0127,corporate,BB,US,taxable,10000,10000,12.41,10.75,7.026,99.38,7.152,6.18,8.1,0.644,0.914,0.281,0.839,1.027,0.0,0.0
BOND_0128,corporate,BB,US,taxable,25000,25000,10.29,7.56,8.359,89.63,7.916,7.135,6.506,0.766,0.781,0.145,0.744,0.8,0.0,0.0
BOND_0129,corporate,AAA,US,taxable,1000,1000,13.41,11.87,4.837,99.92,4.806,4.108,5.82,0.882,0.876,0.3,0.98,0.075,0.0,0.0
BOND_0130,corporate,A,US,taxable,25000,25000,8.56,5.84,5.832,91.61,5.474,4.692,6.516,0.463,0.989,0.06,1.075,0.067,0.0,0.0
BOND_0131,corporate,BB,US,taxable,5000,5000,6.84,4.6,5.852,95.06,6.352,5.561,6.588,0.531,0.841,0.259,0.558,0.756,0.0,0.0
BOND_0132,corporate,BB,US,taxable,1000,1000,19.4,14.2,6.67,103.68,7.357,6.489,7.228,0.781,0.89,0.185,0.431,0.798,0.0,0.0
BOND_0133,corporate,BB,US,taxable,25000,25000,14.38,11.51,7.116,97.88,6.985,6.106,7.327,0.863,0.939,0.106,0.756,1.069,0.0,0.0
BOND_0134,corporate,AAA,US,taxable,25000,25000,18.98,16.5,5.876,90.49,5.134,4.292,7.017,0.892,1.042,0.28,1.165,0.166,0.0,0.0
BOND_0135,corporate,AA,US,taxable,10000,10000,8.15,6.35,4.547,99.97,4.914,4.209,5.871,0.615,0.791,0.123,0.841,0.164,0.0,0.0
BOND_0136,corporate,AAA,US,taxable,1000,1000,15.46,13.01,5.381,89.41,4.939,4.193,6.215,0.872,0.871,0.2,0.978,0.162,0.0,0.0
BOND_0137,corporate,AAA,US,taxable,1000,1000,5.03,4.19,3.471,91.35,4.081,3.495,4.888,0.761,0.949,0.327,0.932,0.093,0.0,0.0
BOND_0138,corporate,AA,US,taxable,5000,5000,12.84,9.87,4.798,102.3,5.066,4.294,6.432,0.647,1.04,0.053,0.872,0.171,0.0,0.0
BOND_0139,corporate,AA,US,taxable,1000,1000,12.37,8.62,5.017,98.94,5.17,4.414,6.306,0.577,0.948,0.084,0.88,0.066,0.0,0.0
BOND_0140,corporate,A,US,taxable,5000,5000,17.14,11.45,6.197,94.01,5.979,5.201,6.477,0.73,0.947,0.237,0.984,0.142,0.0,0.0
BOND_0141,corporate,BBB,US,taxable,5000,5000,16.26,14.15,6.48,99.66,6.81,5.934,7.298,0.785,0.959,0.276,0.502,0.799,0.0,0.0
BOND_0142,corporate,AA,US,taxable,1000,1000,8.96,7.18,4.712,106.19,5.017,4.303,5.951,0.701,0.82,0.243,1.116,0.118,0.0,0.0
BOND_0143,corporate,A,US,taxable,1000,1000,19.69,14.53,6.61,91.88,6.013,5.197,6.802,0.685,0.774,0.189,0.779,0.062,0.0,0.0
BOND_0144,corporate,AAA,US,taxable,1000,1000,9.99,7.25,4.061,99.05,4.616,3.936,5.67,0.753,1.032,0.138,1.003,0.151,0.0,0.0
BOND_0145,corporate,BBB,US,taxable,10000,10000,14.05,12.21,6.513,92.81,6.121,5.174,7.89,0.767,0.958,0.291,0.742,1.108,0.0,0.0
BOND_0146,corporate,BBB,US,taxable,25000,25000,7.61,5.65,5.631,111.77,6.051,5.326,6.035,0.778,1.007,0.244,0.586,0.871,0.0,0.0
BOND_0147,corporate,BB,US,taxable,5000,5000,9.21,6.66,5.894,105.29,6.633,5.854,6.499,0.813,0.887,0.324,0.809,0.945,0.0,0.0
BOND_0148,corporate,AA,US,taxable,5000,5000,17.0,11.98,5.24,89.66,5.304,4.493,6.76,0.7,0.884,0.332,1.064,0.123,0.0,0.0
BOND_0149,corporate,BBB,US,taxable,5000,5000,18.19,12.46,6.273,106.53,6.504,5.599,7.546,0.802,0.834,0.205,0.715,0.991,0.0,0.0
BOND_0150,corporate,BB,US,taxable,25000,25000,19.31,14.28,8.244,110.15,7.56,6.463,9.136,0.522,1.026,0.101,0.689,1.088,0.0,0.0
BOND_0151,corporate,A,US,taxable,5000,5000,8.07,5.52,4.947,108.07,5.327,4.666,5.508,0.612,0.872,0.22,0.716,0.128,0.0,0.0
BOND_0152,corporate,BBB,US,taxable,1000,1000,14.58,11.72,5.983,98.98,6.129,5.101,8.57,0.453,0.799,0.316,0.544,0.98,0.0,0.0
BOND_0153,corporate,BBB,US,taxable,5000,5000,12.06,9.03,6.207,105.19,6.262,5.328,7.78,0.494,0.963,0.215,0.686,0.799,0.0,0.0
BOND_0154,corporate,BBB,US,taxable,25000,25000,17.91,15.33,6.758,100.26,6.266,5.219,8.73,0.727,0.916,0.085,0.678,1.22,0.0,0.0
BOND_0155,corporate,AA,US,taxable,10000,10000,12.0,9.84,5.905,90.97,5.18,4.313,7.225,0.455,0.961,0.283,0.94,0.141,0.0,0.0
BOND_0156,corporate,AAA,US,taxable,1000,1000,11.88,10.24,4.822,92.1,4.86,4.154,5.888,0.762,0.853,0.337,0.737,0.186,0.0,0.0
BOND_0157,corporate,AAA,US,taxable,5000,5000,4.52,3.56,4.497,107.79,4.132,3.543,4.91,0.716,0.972,0.299,0.929,0.07,0.0,0.0
BOND_0158,corporate,AAA,US,taxable,5000,5000,7.35,6.59,3.828,96.03,4.49,3.877,5.107,0.795,0.848,0.329,0.88,0.088,0.0,0.0
BOND_0159,corporate,AAA,US,taxable,10000,10000,18.88,14.43,5.619,99.2,5.045,4.167,7.316,0.617,0.902,0.314,0.83,0.17,0.0,0.0
BOND_0160,corporate,BB,US,taxable,1000,1000,6.52,5.87,6.917,93.05,6.86,6.089,6.425,0.736,1.034,0.281,0.774,0.837,0.0,0.0
BOND_0161,corporate,A,US,taxable,25000,25000,8.96,7.94,5.251,106.56,5.163,4.417,6.216,0.583,0.951,0.144,0.833,0.131,0.0,0.0
BOND_0162,corporate,AA,US,taxable,1000,1000,16.57,12.63,4.808,108.71,5.473,4.549,7.703,0.523,0.937,0.152,1.088,0.171,0.0,0.0
BOND_0163,corporate,AA,US,taxable,10000,10000,14.34,9.82,5.827,111.17,5.139,4.378,6.339,0.689,0.768,0.318,1.05,0.091,0.0,0.0
BOND_0164,corporate,AA,US,taxable,5000,5000,7.51,6.13,4.748,110.27,4.716,4.117,4.998,0.892,0.99,0.255,1.178,0.073,0.0,0.0
BOND_0165,corporate,BB,US,taxable,5000,5000,19.7,16.46,8.888,102.4,8.253,7.231,8.515,0.781,0.898,0.057,0.607,1.16,0.0,0.0
BOND_0166,corporate,AA,US,taxable,5000,5000,16.79,14.23,5.795,88.92,5.134,4.246,7.398,0.605,0.794,0.173,0.935,0.134,0.0,0.0
BOND_0167,corporate,BBB,US,taxable,25000,25000,17.92,14.44,6.711,98.86,6.842,5.831,8.42,0.668,1.001,0.322,0.836,0.891,0.0,0.0
BOND_0168,corporate,BB,US,taxable,5000,5000,8.77,5.86,8.2,92.69,7.831,6.946,7.377,0.502,0.855,0.254,0.448,1.082,0.0,0.0
BOND_0169,corporate,BB,US,taxable,25000,25000,6.69,5.11,6.827,88.51,7.034,6.336,5.816,0.783,0.958,0.199,0.612,0.795,0.0,0.0
BOND_0170,corporate,AA,US,taxable,25000,25000,13.94,9.35,5.226,89.54,5.023,4.184,6.994,0.518,0.762,0.203,0.95,0.193,0.0,0.0
BOND_0171,corporate,A,US,taxable,10000,10000,5.14,4.31,5.364,96.73,4.769,3.997,6.432,0.463,0.907,0.088,1.141,0.126,0.0,0.0
BOND_0172,corporate,AA,US,taxable,1000,1000,13.58,9.85,5.586,106.08,5.183,4.533,5.417,0.813,0.952,0.166,0.772,0.051,0.0,0.0
BOND_0173,corporate,A,US,taxable,25000,25000,16.91,12.92,5.649,103.73,5.656,4.916,6.166,0.793,0.87,0.334,0.738,0.14,0.0,0.0
BOND_0174,corporate,A,US,taxable,10000,10000,11.82,9.72,5.156,98.54,5.77,5.034,6.13,0.664,0.819,0.209,0.721,0.167,0.0,0.0
BOND_0175,corporate,A,US,taxable,10000,10000,3.57,2.77,5.573,102.27,4.966,4.409,4.644,0.837,1.042,0.218,1.183,0.085,0.0,0.0
BOND_0176,corporate,AA,US,taxable,1000,1000,19.59,14.46,5.219,101.1,5.633,4.91,6.022,0.873,0.979,0.322,0.729,0.092,0.0,0.0
BOND_0177,corporate,AAA,US,taxable,1000,1000,2.35,1.57,4.522,100.61,4.17,3.508,5.521,0.467,1.014,0.211,0.931,0.054,0.0,0.0
BOND_0178,corporate,A,US,taxable,25000,25000,7.34,5.0,5.404,104.11,4.99,4.24,6.254,0.554,0.923,0.309,1.185,0.127,0.0,0.0
BOND_0179,corporate,BB,US,taxable,25000,25000,13.64,9.11,7.723,108.73,7.763,6.977,6.548,0.822,0.85,0.342,0.487,0.979,0.0,0.0
BOND_0180,corporate,BBB,US,taxable,5000,5000,6.55,4.37,6.181,90.01,6.349,5.59,6.321,0.714,0.903,0.068,0.629,0.985,0.0,0.0
BOND_0181,corporate,BB,US,taxable,25000,25000,14.41,9.68,8.203,104.15,7.695,6.961,6.118,0.885,0.851,0.308,0.562,0.771,0.0,0.0
BOND_0182,corporate,AAA,US,taxable,5000,5000,12.76,10.73,5.444,89.62,4.887,4.097,6.581,0.676,0.803,0.298,0.942,0.182,0.0,0.0
BOND_0183,corporate,BBB,US,taxable,10000,10000,16.92,12.46,6.17,95.24,6.237,5.202,8.63,0.472,0.873,0.188,0.447,1.053,0.0,0.0
BOND_0184,corporate,BB,US,taxable,25000,25000,9.61,8.57,8.116,103.5,7.787,7.022,6.369,0.778,0.802,0.261,0.423,0.883,0.0,0.0
BOND_0185,corporate,BB,US,taxable,5000,5000,7.86,6.31,6.27,97.39,6.71,5.775,7.793,0.526,0.844,0.222,0.787,1.077,0.0,0.0
BOND_0186,corporate,A,US,taxable,10000,10000,15.54,13.33,5.247,99.46,5.877,5.088,6.579,0.82,0.825,0.08,1.1,0.128,0.0,0.0
BOND_0187,corporate,AA,US,taxable,5000,5000,15.37,11.65,5.05,103.51,5.129,4.398,6.092,0.755,0.8,0.119,0.862,0.052,0.0,0.0
BOND_0188,corporate,A,US,taxable,25000,25000,14.33,12.82,5.568,103.25,5.307,4.538,6.406,0.709,0.841,0.259,0.745,0.092,0.0,0.0
BOND_0189,corporate,A,US,taxable,10000,10000,15.57,12.14,6.297,104.76,5.998,5.222,6.46,0.743,1.006,0.136,1.013,0.072,0.0,0.0
BOND_0190,corporate,AA,US,taxable,25000,25000,10.63,8.38,4.498,101.41,4.97,4.241,6.071,0.743,1.046,0.241,1.127,0.149,0.0,0.0
BOND_0191,corporate,A,US,taxable,10000,10000,15.01,13.21,5.57,103.71,5.737,4.9,6.97,0.629,0.948,0.283,0.758,0.178,0.0,0.0
BOND_0192,corporate,AAA,US,taxable,10000,10000,12.21,10.23,4.079,102.45,4.654,3.927,6.059,0.763,0.988,0.126,0.938,0.139,0.0,0.0
BOND_0193,corporate,AA,US,taxable,10000,10000,2.96,1.99,4.145,96.31,4.062,3.521,4.508,0.765,0.778,0.271,0.967,0.085,0.0,0.0
BOND_0194,corporate,BBB,US,taxable,25000,25000,18.8,13.69,6.766,106.98,7.023,5.911,9.269,0.498,0.751,0.167,0.819,1.074,0.0,0.0
BOND_0195,corporate,AAA,US,taxable,1000,1000,10.62,7.45,4.566,102.42,4.819,4.093,6.053,0.685,0.805,0.252,1.012,0.187,0.0,0.0
BOND_0196,corporate,AAA,US,taxable,5000,5000,15.88,12.98,4.818,97.99,5.241,4.332,7.578,0.46,0.832,0.242,0.89,0.07,0.0,0.0
BOND_0197,corporate,AA,US,taxable,5000,5000,13.81,12.02,4.691,99.93,5.046,4.208,6.98,0.612,0.796,0.152,0.944,0.132,0.0,0.0
BOND_0198,corporate,BB,US,taxable,1000,1000,8.84,5.85,6.625,99.91,6.645,5.786,7.154,0.578,0.798,0.162,0.827,0.854,0.0,0.0
BOND_0199,corporate,BB,US,taxable,10000,10000,12.96,11.28,7.077,103.25,6.972,6.08,7.434,0.896,0.915,0.186,0.743,1.234,0.0,0.0
BOND_0200,corporate,A,US,taxable,25000,25000,8.57,6.61,5.063,111.92,5.498,4.793,5.875,0.652,0.904,0.304,0.996,0.111,0.0,0.0
BOND_0201,corporate,BB,US,taxable,25000,25000,11.3,9.64,8.604,109.58,8.162,7.234,7.738,0.543,0.772,0.091,0.745,0.78,0.0,0.0
BOND_0202,corporate,A,US,taxable,25000,25000,14.86,9.85,6.282,92.3,5.725,4.866,7.154,0.549,0.812,0.082,1.165,0.146,0.0,0.0
BOND_0203,corporate,AA,US,taxable,5000,5000,13.57,9.91,5.297,90.87,4.978,4.263,5.952,0.682,0.787,0.166,0.72,0.088,0.0,0.0
BOND_0204,corporate,AAA,US,taxable,25000,25000,14.06,11.0,4.664,99.31,4.945,4.198,6.229,0.709,1.022,0.091,0.721,0.194,0.0,0.0
BOND_0205,corporate,BB,US,taxable,10000,10000,3.76,2.69,7.276,108.91,7.41,6.708,5.855,0.795,0.842,0.061,0.75,0.986,0.0,0.0
BOND_0206,corporate,BBB,US,taxable,10000,10000,16.84,12.5,6.738,100.75,6.345,5.403,7.854,0.81,0.933,0.127,0.899,1.042,0.0,0.0
BOND_0207,corporate,AAA,US,taxable,25000,25000,19.12,15.68,4.975,110.83,5.219,4.302,7.643,0.57,0.877,0.174,0.866,0.096,0.0,0.0
BOND_0208,corporate,AA,US,taxable,5000,5000,16.82,11.38,5.209,94.62,5.082,4.271,6.755,0.656,0.977,0.103,0.996,0.131,0.0,0.0
BOND_0209,corporate,BBB,US,taxable,5000,5000,16.92,11.29,6.659,99.1,6.494,5.58,7.614,0.71,1.027,0.239,0.629,1.003,0.0,0.0
BOND_0210,corporate,A,US,taxable,1000,1000,2.83,2.2,4.405,98.41,5.027,4.386,5.342,0.529,0.894,0.289,0.871,0.073,0.0,0.0
BOND_0211,corporate,A,US,taxable,1000,1000,2.94,2.07,4.886,104.71,4.864,4.267,4.978,0.748,0.776,0.237,1.115,0.194,0.0,0.0
BOND_0212,corporate,BB,US,taxable,10000,10000,2.77,2.31,5.452,88.32,6.018,5.289,6.071,0.759,0.828,0.072,0.841,1.0,0.0,0.0
BOND_0213,corporate,AA,US,taxable,5000,5000,18.22,12.09,5.296,100.21,5.393,4.535,7.145,0.562,1.013,0.155,0.99,0.072,0.0,0.0
BOND_0214,corporate,BBB,US,taxable,1000,1000,12.18,8.92,6.603,92.4,6.401,5.419,8.187,0.485,0.968,0.296,0.557,1.11,0.0,0.0
BOND_0215,corporate,AAA,US,taxable,1000,1000,17.73,12.29,4.987,105.5,5.182,4.45,6.103,0.831,0.769,0.122,0.837,0.182,0.0,0.0
BOND_0216,corporate,BBB,US,taxable,10000,10000,7.96,6.04,6.931,91.56,6.562,5.666,7.461,0.514,0.868,0.055,0.886,0.821,0.0,0.0
BOND_0217,corporate,BBB,US,taxable,1000,1000,17.62,14.46,6.156,98.17,6.765,5.756,8.41,0.516,1.028,0.093,0.532,0.766,0.0,0.0
BOND_0218,corporate,BB,US,taxable,5000,5000,13.61,10.85,8.298,91.21,7.943,6.999,7.864,0.66,1.005,0.109,0.432,1.216,0.0,0.0
BOND_0219,corporate,BBB,US,taxable,1000,1000,3.02,2.43,6.562,90.9,5.845,5.101,6.203,0.77,0.79,0.31,0.882,1.056,0.0,0.0
BOND_0220,corporate,AAA,US,taxable,10000,10000,13.27,10.48,5.421,97.05,4.879,4.072,6.725,0.581,0.848,0.143,0.802,0.178,0.0,0.0
BOND_0221,corporate,BB,US,taxable,5000,5000,19.66,15.91,8.896,100.87,8.2,7.105,9.132,0.532,0.854,0.166,0.409,1.147,0.0,0.0
BOND_0222,corporate,BBB,US,taxable,10000,10000,5.48,3.57,4.934,96.62,5.131,4.502,5.242,0.865,0.954,0.078,0.708,0.745,0.0,0.0
BOND_0223,corporate,A,US,taxable,25000,25000,10.03,6.79,5.142,109.96,5.479,4.84,5.32,0.866,0.949,0.287,1.084,0.197,0.0,0.0
BOND_0224,corporate,AAA,US,taxable,25000,25000,7.08,4.71,4.618,98.56,4.483,3.783,5.836,0.522,0.972,0.123,0.849,0.096,0.0,0.0
BOND_0225,corporate,A,US,taxable,5000,5000,8.83,7.9,4.784,92.75,4.978,4.33,5.403,0.89,0.805,0.339,1.125,0.156,0.0,0.0
BOND_0226,corporate,BB,US,taxable,1000,1000,3.79,3.02,7.328,103.01,7.555,6.801,6.279,0.598,0.842,0.05,0.472,0.951,0.0,0.0
BOND_0227,corporate,AA,US,taxable,10000,10000,4.15,3.45,5.034,98.53,4.625,3.905,5.996,0.508,0.851,0.215,1.085,0.109,0.0,0.0
BOND_0228,corporate,BB,US,taxable,25000,25000,11.29,8.89,7.491,89.4,7.966,7.034,7.768,0.498,0.961,0.269,0.436,0.996,0.0,0.0
BOND_0229,corporate,AA,US,taxable,1000,1000,5.21,4.41,5.046,92.07,4.348,3.743,5.042,0.759,0.912,0.112,0.954,0.136,0.0,0.0
BOND_0230,corporate,BBB,US,taxable,5000,5000,19.42,14.31,6.98,107.24,6.238,5.349,7.406,0.86,0.95,0.222,0.544,0.979,0.0,0.0
BOND_0231,corporate,BB,US,taxable,25000,25000,14.56,10.27,8.239,91.58,7.838,6.974,7.203,0.808,0.855,0.328,0.487,1.196,0.0,0.0
BOND_0232,corporate,AA,US,taxable,1000,1000,5.73,5.07,4.956,94.08,4.738,4.093,5.377,0.68,0.951,0.08,0.892,0.124,0.0,0.0
BOND_0233,corporate,A,US,taxable,10000,10000,19.61,17.44,5.149,89.77,5.796,4.8,8.303,0.456,0.946,0.108,0.808,0.075,0.0,0.0
BOND_0234,corporate,BBB,US,taxable,10000,10000,7.06,5.11,5.751,94.67,6.377,5.497,7.337,0.505,0.921,0.227,0.595,1.034,0.0,0.0
BOND_0235,corporate,A,US,taxable,25000,25000,9.48,6.41,5.075,96.58,5.028,4.334,5.776,0.723,0.904,0.197,1.081,0.171,0.0,0.0
BOND_0236,corporate,BB,US,taxable,5000,5000,13.75,10.13,7.28,96.78,7.787,6.888,7.491,0.706,0.82,0.107,0.889,0.854,0.0,0.0
BOND_0237,corporate,A,US,taxable,5000,5000,15.52,10.2,5.929,102.55,5.64,4.97,5.58,0.891,1.031,0.15,0.888,0.196,0.0,0.0
BOND_0238,corporate,BBB,US,taxable,25000,25000,6.4,4.88,6.124,105.43,5.982,5.195,6.561,0.651,0.879,0.316,0.5,1.02,0.0,0.0
BOND_0239,corporate,AAA,US,taxable,5000,5000,17.3,11.86,5.778,105.18,5.055,4.269,6.551,0.79,0.899,0.216,1.147,0.158,0.0,0.0
BOND_0240,corporate,BB,US,taxable,10000,10000,7.82,5.71,6.676,105.09,6.684,5.912,6.437,0.752,0.833,0.099,0.504,1.09,0.0,0.0
BOND_0241,corporate,AAA,US,taxable,5000,5000,4.71,3.5,4.74,88.38,4.168,3.61,4.652,0.841,0.855,0.3,1.063,0.113,0.0,0.0
BOND_0242,corporate,AA,US,taxable,10000,10000,4.08,3.3,4.758,91.5,4.326,3.643,5.691,0.536,1.0,0.158,0.912,0.143,0.0,0.0
BOND_0243,corporate,AA,US,taxable,5000,5000,15.14,12.51,5.492,98.91,5.13,4.202,7.732,0.517,1.033,0.248,1.167,0.129,0.0,0.0
BOND_0244,corporate,A,US,taxable,1000,1000,17.06,14.51,5.799,90.5,5.917,5.036,7.336,0.582,0.948,0.304,0.827,0.098,0.0,0.0
BOND_0245,corporate,BB,US,taxable,25000,25000,18.54,12.07,7.579,103.17,7.225,6.277,7.898,0.683,0.975,0.274,0.597,1.045,0.0,0.0
BOND_0246,corporate,AA,US,taxable,1000,1000,7.54,6.48,4.916,96.38,4.682,4.044,5.313,0.751,0.817,0.291,0.877,0.118,0.0,0.0
BOND_0247,corporate,BB,US,taxable,10000,10000,11.17,9.99,7.714,101.52,7.484,6.481,8.361,0.497,0.927,0.308,0.683,1.035,0.0,0.0
BOND_0248,corporate,BB,US,taxable,10000,10000,6.61,5.17,6.379,109.28,6.386,5.674,5.932,0.888,0.99,0.208,0.551,1.13,0.0,0.0
BOND_0249,corporate,BB,US,taxable,1000,1000,3.28,2.64,7.22,94.65,6.658,5.921,6.143,0.69,0.87,0.169,0.43,1.15,0.0,0.0
BOND_0250,corporate,BB,US,taxable,25000,25000,14.33,11.14,7.799,108.39,8.19,7.23,8.004,0.55,0.886,0.169,0.544,0.939,0.0,0.0
BOND_0251,corporate,A,US,taxable,1000,1000,13.88,10.95,5.085,93.64,5.723,4.849,7.284,0.563,0.761,0.25,1.171,0.134,0.0,0.0
BOND_0252,corporate,BB,US,taxable,25000,25000,6.9,4.93,6.908,92.24,6.631,5.757,7.279,0.464,0.778,0.23,0.804,0.779,0.0,0.0
BOND_0253,corporate,BBB,US,taxable,5000,5000,19.33,12.57,7.827,88.37,7.203,6.181,8.513,0.683,1.025,0.29,0.883,1.13,0.0,0.0
BOND_0254,corporate,BBB,US,taxable,10000,10000,4.0,3.57,6.197,102.75,5.476,4.686,6.585,0.482,0.88,0.139,0.458,0.819,0.0,0.0
BOND_0255,corporate,AAA,US,taxable,5000,5000,13.02,11.28,5.364,100.46,4.843,4.115,6.065,0.861,0.875,0.313,1.089,0.146,0.0,0.0
BOND_0256,corporate,AAA,US,taxable,5000,5000,9.63,7.21,4.597,89.7,4.465,3.843,5.187,0.849,0.891,0.078,0.991,0.109,0.0,0.0
BOND_0257,corporate,A,US,taxable,1000,1000,14.81,11.0,5.027,90.53,5.754,4.971,6.521,0.742,0.792,0.226,1.107,0.15,0.0,0.0
BOND_0258,corporate,AA,US,taxable,1000,1000,5.6,5.04,4.456,103.81,4.75,4.038,5.936,0.485,0.94,0.278,0.792,0.076,0.0,0.0
BOND_0259,corporate,A,US,taxable,25000,25000,2.65,2.2,4.195,108.6,4.594,4.004,4.909,0.794,0.9,0.31,1.186,0.192,0.0,0.0
BOND_0260,corporate,AA,US,taxable,5000,5000,3.9,3.23,4.47,100.27,4.339,3.614,6.038,0.46,0.811,0.233,1.079,0.052,0.0,0.0
BOND_0261,corporate,AAA,US,taxable,25000,25000,9.82,7.16,4.526,107.18,4.539,3.9,5.325,0.744,0.777,0.258,0.81,0.089,0.0,0.0
BOND_0262,corporate,BB,US,taxable,10000,10000,11.54,7.94,7.481,95.13,6.855,6.137,5.982,0.82,0.875,0.097,0.515,0.758,0.0,0.0
BOND_0263,corporate,A,US,taxable,10000,10000,19.14,16.03,5.926,110.59,6.129,5.376,6.272,0.879,0.987,0.349,0.704,0.104,0.0,0.0
BOND_0264,corporate,AAA,US,taxable,5000,5000,10.98,8.44,5.337,95.63,4.699,3.846,7.106,0.454,0.844,0.282,1.083,0.109,0.0,0.0
BOND_0265,corporate,AA,US,taxable,25000,25000,6.78,5.76,4.063,91.99,4.501,3.766,6.13,0.514,0.803,0.221,0.855,0.132,0.0,0.0
BOND_0266,corporate,A,US,taxable,10000,10000,4.36,2.88,4.84,89.8,4.603,3.945,5.486,0.648,0.881,0.263,1.107,0.179,0.0,0.0
BOND_0267,corporate,BBB,US,taxable,10000,10000,11.83,7.78,5.607,107.74,6.199,5.289,7.587,0.507,0.796,0.138,0.695,0.838,0.0,0.0
BOND_0268,corporate,AA,US,taxable,5000,5000,9.11,7.17,4.954,96.69,4.509,3.856,5.443,0.874,0.852,0.145,1.188,0.17,0.0,0.0
BOND_0269,corporate,BBB,US,taxable,25000,25000,10.25,6.71,5.66,91.79,6.069,5.251,6.819,0.724,0.886,0.194,0.734,0.975,0.0,0.0
BOND_0270,corporate,BB,US,taxable,25000,25000,8.9,6.59,7.164,90.59,6.671,5.724,7.887,0.56,0.852,0.232,0.801,1.167,0.0,0.0
BOND_0271,corporate,A,US,taxable,25000,25000,9.66,8.31,5.853,111.31,5.529,4.895,5.28,0.801,0.949,0.238,0.797,0.085,0.0,0.0
BOND_0272,corporate,BB,US,taxable,10000,10000,5.83,4.96,6.316,98.94,6.202,5.412,6.585,0.701,0.897,0.112,0.641,1.034,0.0,0.0
BOND_0273,corporate,BB,US,taxable,5000,5000,6.99,5.53,7.347,105.36,7.031,6.181,7.086,0.629,0.962,0.164,0.681,1.068,0.0,0.0
BOND_0274,corporate,AAA,US,taxable,10000,10000,19.97,14.46,4.854,111.34,5.329,4.535,6.613,0.755,0.898,0.191,0.772,0.125,0.0,0.0
BOND_0275,corporate,BBB,US,taxable,25000,25000,4.6,3.4,5.57,99.47,5.433,4.678,6.293,0.722,0.826,0.328,0.526,1.158,0.0,0.0
BOND_0276,corporate,BBB,US,taxable,5000,5000,2.05,1.72,6.53,92.05,5.796,5.117,5.659,0.688,0.97,0.245,0.668,0.796,0.0,0.0
BOND_0277,corporate,AA,US,taxable,10000,10000,5.56,4.13,4.329,105.78,4.424,3.817,5.06,0.665,0.992,0.224,0.798,0.079,0.0,0.0
BOND_0278,corporate,BB,US,taxable,5000,5000,3.27,2.17,6.618,110.82,6.093,5.292,6.674,0.498,0.769,0.327,0.838,0.771,0.0,0.0
BOND_0279,corporate,AA,US,taxable,25000,25000,16.8,13.57,5.722,102.66,5.314,4.474,6.998,0.735,1.047,0.32,1.07,0.169,0.0,0.0
BOND_0280,corporate,AA,US,taxable,10000,10000,14.76,9.65,4.61,95.15,5.141,4.435,5.889,0.87,1.031,0.147,1.182,0.163,0.0,0.0
BOND_0281,corporate,AAA,US,taxable,1000,1000,4.53,3.74,4.367,107.0,4.275,3.595,5.666,0.569,0.927,0.05,0.984,0.105,0.0,0.0
BOND_0282,corporate,AAA,US,taxable,1000,1000,18.28,15.4,5.101,102.33,5.182,4.263,7.658,0.576,0.812,0.194,0.96,0.079,0.0,0.0
BOND_0283,corporate,BB,US,taxable,25000,25000,14.73,12.71,7.059,102.86,6.854,5.737,9.303,0.52,0.786,0.205,0.872,1.201,0.0,0.0
BOND_0284,corporate,A,US,taxable,5000,5000,17.31,13.52,5.199,90.51,5.729,4.966,6.356,0.865,0.873,0.282,0.963,0.184,0.0,0.0
BOND_0285,corporate,AAA,US,taxable,5000,5000,19.58,13.4,5.738,98.55,5.084,4.169,7.622,0.547,0.91,0.187,1.129,0.073,0.0,0.0
BOND_0286,corporate,BB,US,taxable,1000,1000,10.51,8.55,8.544,95.66,8.053,7.128,7.708,0.714,0.776,0.333,0.759,1.243,0.0,0.0
BOND_0287,corporate,AAA,US,taxable,5000,5000,5.65,4.39,3.734,111.92,4.267,3.648,5.159,0.658,0.788,0.277,0.846,0.056,0.0,0.0
BOND_0288,corporate,AAA,US,taxable,25000,25000,10.37,9.03,4.522,109.72,4.56,3.849,5.918,0.736,1.006,0.302,1.025,0.058,0.0,0.0
BOND_0289,corporate,AA,US,taxable,5000,5000,17.41,13.95,5.234,106.58,5.393,4.642,6.257,0.878,0.955,0.257,0.9,0.16,0.0,0.0
BOND_0290,corporate,BB,US,taxable,1000,1000,4.35,3.29,6.39,88.51,6.686,6.004,5.682,0.785,0.799,0.159,0.435,1.036,0.0,0.0
BOND_0291,corporate,AA,US,taxable,1000,1000,8.24,5.97,4.184,109.21,4.511,3.927,4.868,0.862,0.788,0.188,0.878,0.167,0.0,0.0
BOND_0292,corporate,AA,US,taxable,10000,10000,3.38,2.94,4.747,88.5,4.254,3.642,5.101,0.567,0.82,0.164,0.711,0.065,0.0,0.0
BOND_0293,corporate,AAA,US,taxable,5000,5000,12.67,10.57,4.531,103.86,4.565,3.808,6.307,0.719,0.89,0.104,1.036,0.075,0.0,0.0
BOND_0294,corporate,AAA,US,taxable,10000,10000,4.46,2.97,4.257,106.36,4.025,3.487,4.484,0.872,0.77,0.309,1.139,0.087,0.0,0.0
BOND_0295,corporate,AA,US,taxable,5000,5000,10.05,7.66,4.98,100.12,4.806,4.033,6.44,0.509,0.799,0.151,0.903,0.07,0.0,0.0
BOND_0296,corporate,A,US,taxable,25000,25000,14.9,12.67,5.826,97.51,5.478,4.667,6.76,0.781,1.009,0.106,1.186,0.145,0.0,0.0
BOND_0297,corporate,AA,US,taxable,5000,5000,13.73,10.46,4.579,98.93,5.131,4.292,6.997,0.579,1.013,0.303,1.088,0.121,0.0,0.0
BOND_0298,corporate,A,US,taxable,10000,10000,16.91,14.45,6.022,95.55,6.026,5.177,7.076,0.655,0.769,0.059,0.808,0.136,0.0,0.0
BOND_0299,corporate,BB,US,taxable,10000,10000,7.39,6.58,5.925,100.84,6.615,5.641,8.117,0.486,0.783,0.277,0.899,1.06,0.0,0.0
BOND_0300,corporate,BBB,US,taxable,25000,25000,19.28,15.46,7.57,104.09,7.01,5.986,8.534,0.752,0.945,0.305,0.684,1.151,0.0,0.0
BOND_0301,corporate,AAA,US,taxable,5000,5000,13.13,10.95,4.657,110.87,4.864,4.122,6.188,0.865,0.776,0.153,1.178,0.192,0.0,0.0
BOND_0302,corporate,AA,US,taxable,25000,25000,3.81,2.89,4.615,111.16,4.412,3.727,5.705,0.508,1.017,0.339,0.909,0.132,0.0,0.0
BOND_0303,corporate,BBB,US,taxable,25000,25000,15.84,11.4,7.474,104.28,6.794,5.867,7.726,0.683,0.842,0.131,0.694,0.947,0.0,0.0
BOND_0304,corporate,AAA,US,taxable,1000,1000,2.6,2.14,4.441,111.03,3.904,3.335,4.735,0.692,0.82,0.165,0.823,0.137,0.0,0.0
BOND_0305,corporate,BBB,US,taxable,1000,1000,2.42,1.78,5.921,109.75,6.051,5.281,6.422,0.54,1.03,0.062,0.786,0.801,0.0,0.0
BOND_0306,corporate,A,US,taxable,10000,10000,15.29,10.62,5.084,102.44,5.56,4.814,6.221,0.644,0.842,0.168,0.71,0.089,0.0,0.0
BOND_0307,corporate,A,US,taxable,10000,10000,3.73,2.52,4.817,93.85,5.067,4.527,4.5,0.852,0.752,0.248,1.102,0.123,0.0,0.0
BOND_0308,corporate,AAA,US,taxable,5000,5000,11.61,8.89,4.22,92.59,4.617,3.869,6.232,0.737,0.959,0.108,1.187,0.132,0.0,0.0
BOND_0309,corporate,AAA,US,taxable,25000,25000,15.14,13.49,5.363,108.43,5.043,4.225,6.817,0.729,0.815,0.159,1.034,0.09,0.0,0.0
BOND_0310,corporate,BBB,US,taxable,10000,10000,16.49,14.18,5.849,105.89,6.175,5.129,8.717,0.657,0.956,0.336,0.732,1.133,0.0,0.0
BOND_0311,municipal,A,TX,tax_exempt,5000,5000,11.76,9.11,6.052,111.0,6.003,5.102,7.508,0.367,0.836,0.176,0.0,0.0,1.097,0.0
BOND_0312,municipal,BBB,CA,tax_exempt,1000,1000,21.71,16.43,7.665,100.69,6.936,5.991,7.874,0.442,0.674,0.117,0.0,0.0,0.632,0.0
BOND_0313,municipal,A,WA,tax_exempt,5000,5000,13.59,10.84,5.83,98.12,5.52,4.745,6.461,0.533,0.877,0.241,0.0,0.0,0.603,0.0
BOND_0314,municipal,BBB,TX,tax_exempt,1000,1000,13.93,9.85,5.999,91.65,6.138,5.283,7.12,0.437,0.798,0.11,0.0,0.0,0.925,0.0
BOND_0315,municipal,BBB,GA,tax_exempt,10000,10000,8.27,6.93,5.572,93.94,5.883,5.25,5.276,0.731,0.91,0.207,0.0,0.0,0.823,0.0
BOND_0316,municipal,A,WA,tax_exempt,10000,10000,3.16,2.95,5.766,104.65,5.056,4.468,4.902,0.584,0.663,0.09,0.0,0.0,0.648,0.0
BOND_0317,municipal,A,FL,tax_exempt,5000,5000,23.09,19.91,6.525,105.66,6.096,5.104,8.26,0.534,0.753,0.15,0.0,0.0,0.722,0.0
BOND_0318,municipal,A,CA,tax_exempt,10000,10000,6.55,4.6,5.54,106.15,5.203,4.469,6.119,0.48,0.823,0.149,0.0,0.0,1.008,0.0
BOND_0319,municipal,AA,MA,tax_exempt,10000,10000,16.9,14.93,5.22,99.82,5.486,4.554,7.77,0.425,0.66,0.103,0.0,0.0,0.703,0.0
BOND_0320,municipal,BBB,PA,tax_exempt,10000,10000,20.97,15.62,7.154,93.7,6.541,5.717,6.863,0.721,0.932,0.162,0.0,0.0,0.811,0.0
BOND_0321,municipal,AA,NY,tax_exempt,1000,1000,21.16,15.81,6.356,96.43,5.651,4.728,7.692,0.527,0.725,0.237,0.0,0.0,0.826,0.0
BOND_0322,municipal,A,NC,tax_exempt,1000,1000,12.62,10.63,5.106,102.83,5.525,4.649,7.305,0.408,0.701,0.11,0.0,0.0,0.875,0.0
BOND_0323,municipal,AA,GA,tax_exempt,25000,25000,11.52,8.58,4.505,95.01,5.143,4.351,6.601,0.539,0.892,0.231,0.0,0.0,1.009,0.0
BOND_0324,municipal,BBB,PA,tax_exempt,10000,10000,13.58,11.93,6.608,101.97,6.428,5.51,7.654,0.436,0.66,0.205,0.0,0.0,1.038,0.0
BOND_0325,municipal,BBB,CA,tax_exempt,5000,5000,3.24,2.86,5.334,89.51,5.812,5.161,5.428,0.569,0.768,0.21,0.0,0.0,0.994,0.0
BOND_0326,municipal,A,GA,tax_exempt,25000,25000,16.93,12.33,6.72,97.47,6.049,5.137,7.594,0.369,0.917,0.193,0.0,0.0,0.75,0.0
BOND_0327,municipal,BBB,MA,tax_exempt,5000,5000,11.66,10.6,5.815,88.16,6.364,5.579,6.544,0.589,0.729,0.218,0.0,0.0,0.853,0.0
BOND_0328,municipal,AA,NC,tax_exempt,1000,1000,19.92,16.12,5.733,109.95,5.599,4.731,7.232,0.661,0.953,0.067,0.0,0.0,0.84,0.0
BOND_0329,municipal,A,NJ,tax_exempt,1000,1000,8.88,6.47,5.246,101.65,5.3,4.553,6.223,0.568,0.876,0.224,0.0,0.0,1.092,0.0
BOND_0330,municipal,BBB,OH,tax_exempt,1000,1000,18.31,14.03,7.097,103.1,6.823,5.823,8.335,0.373,0.659,0.15,0.0,0.0,1.073,0.0
BOND_0331,municipal,AA,PA,tax_exempt,1000,1000,12.19,9.64,5.039,94.69,4.696,4.011,5.709,0.751,0.746,0.23,0.0,0.0,0.842,0.0
BOND_0332,municipal,BBB,MA,tax_exempt,10000,10000,3.29,2.46,4.541,97.41,5.276,4.728,4.566,0.655,0.956,0.072,0.0,0.0,0.674,0.0
BOND_0333,municipal,BBB,NY,tax_exempt,1000,1000,22.54,18.36,6.248,96.84,6.7,5.673,8.563,0.535,0.928,0.237,0.0,0.0,1.141,0.0
BOND_0334,municipal,A,WA,tax_exempt,25000,25000,13.45,11.24,5.608,95.84,5.778,4.9,7.317,0.419,0.74,0.243,0.0,0.0,0.837,0.0
BOND_0335,municipal,BBB,IL,tax_exempt,5000,5000,4.23,3.75,5.924,94.51,5.277,4.59,5.724,0.422,0.667,0.104,0.0,0.0,0.669,0.0
BOND_0336,municipal,BBB,IL,tax_exempt,25000,25000,23.38,17.96,6.734,107.53,6.331,5.426,7.542,0.718,0.883,0.211,0.0,0.0,0.987,0.0
BOND_0337,municipal,BBB,IL,tax_exempt,25000,25000,22.94,21.13,7.606,98.51,6.982,5.912,8.912,0.44,0.93,0.201,0.0,0.0,0.765,0.0
BOND_0338,municipal,AA,GA,tax_exempt,5000,5000,9.7,6.83,4.676,92.52,4.754,4.101,5.44,0.631,0.765,0.168,0.0,0.0,0.668,0.0
BOND_0339,municipal,A,FL,tax_exempt,25000,25000,21.33,15.54,6.897,95.94,6.449,5.477,8.097,0.428,0.716,0.071,0.0,0.0,0.865,0.0
BOND_0340,municipal,AA,NC,tax_exempt,10000,10000,18.91,17.38,4.947,106.05,5.323,4.461,7.189,0.775,0.877,0.181,0.0,0.0,0.971,0.0
BOND_0341,municipal,BBB,PA,tax_exempt,25000,25000,21.48,19.54,7.547,111.17,6.893,5.883,8.415,0.523,0.844,0.09,0.0,0.0,0.849,0.0
BOND_0342,municipal,BBB,TX,tax_exempt,1000,1000,4.55,3.82,5.01,95.4,5.425,4.732,5.775,0.421,0.943,0.118,0.0,0.0,0.692,0.0
BOND_0343,municipal,A,TX,tax_exempt,25000,25000,12.04,8.57,5.711,96.11,5.44,4.578,7.188,0.436,0.916,0.062,0.0,0.0,1.137,0.0
BOND_0344,municipal,A,NC,tax_exempt,1000,1000,14.88,12.09,5.497,102.86,5.792,4.957,6.956,0.474,0.862,0.218,0.0,0.0,0.627,0.0
BOND_0345,municipal,A,NC,tax_exempt,5000,5000,24.52,21.38,6.278,90.85,6.05,5.0,8.756,0.525,0.841,0.111,0.0,0.0,0.861,0.0
BOND_0346,municipal,A,FL,tax_exempt,10000,10000,15.91,13.69,5.215,93.3,5.904,5.09,6.783,0.758,0.957,0.098,0.0,0.0,1.107,0.0
BOND_0347,municipal,A,CA,tax_exempt,25000,25000,21.35,18.48,5.809,88.11,6.271,5.289,8.179,0.585,0.915,0.192,0.0,0.0,0.995,0.0
BOND_0348,municipal,BBB,PA,tax_exempt,1000,1000,9.53,8.28,6.599,102.22,6.17,5.318,7.094,0.393,0.861,0.231,0.0,0.0,0.982,0.0
BOND_0349,municipal,BBB,IL,tax_exempt,10000,10000,19.62,16.92,6.508,95.23,6.399,5.427,8.101,0.479,0.844,0.171,0.0,0.0,0.837,0.0
BOND_0350,municipal,AA,CA,tax_exempt,25000,25000,8.42,7.52,4.842,99.48,4.532,3.748,6.536,0.49,0.848,0.222,0.0,0.0,0.96,0.0
BOND_0351,municipal,AA,GA,tax_exempt,5000,5000,20.04,14.69,5.649,103.94,5.785,4.923,7.182,0.653,0.794,0.235,0.0,0.0,0.965,0.0
BOND_0352,municipal,A,NJ,tax_exempt,25000,25000,19.09,13.78,5.946,92.67,6.084,5.229,7.124,0.656,0.79,0.087,0.0,0.0,1.047,0.0
BOND_0353,municipal,AA,IL,tax_exempt,10000,10000,22.87,18.4,4.752,97.33,5.233,4.296,7.808,0.661,0.809,0.192,0.0,0.0,0.957,0.0
BOND_0354,municipal,AA,CA,tax_exempt,10000,10000,7.19,5.16,4.841,97.2,5.004,4.244,6.334,0.49,0.874,0.163,0.0,0.0,1.117,0.0
BOND_0355,municipal,AA,CA,tax_exempt,5000,5000,8.32,7.65,5.544,97.04,5.011,4.314,5.802,0.584,0.733,0.19,0.0,0.0,0.686,0.0
BOND_0356,municipal,A,WA,tax_exempt,1000,1000,7.45,5.8,5.308,91.87,5.543,4.913,5.249,0.711,0.896,0.047,0.0,0.0,0.891,0.0
BOND_0357,municipal,A,TX,tax_exempt,10000,10000,18.35,15.18,5.296,111.27,5.775,4.963,6.768,0.762,0.833,0.07,0.0,0.0,0.915,0.0
BOND_0358,municipal,BBB,WA,tax_exempt,1000,1000,22.45,16.86,6.618,89.22,6.44,5.506,7.78,0.512,0.818,0.055,0.0,0.0,0.71,0.0
BOND_0359,municipal,A,TX,tax_exempt,5000,5000,7.2,6.27,5.533,89.87,5.497,4.719,6.487,0.385,0.803,0.231,0.0,0.0,0.784,0.0
BOND_0360,municipal,A,NJ,tax_exempt,1000,1000,9.99,7.68,5.872,105.51,5.361,4.582,6.496,0.55,0.805,0.103,0.0,0.0,1.083,0.0
BOND_0361,municipal,BBB,FL,tax_exempt,25000,25000,9.0,7.56,5.616,96.1,6.235,5.622,5.11,0.754,0.718,0.166,0.0,0.0,0.691,0.0
BOND_0362,municipal,AA,NY,tax_exempt,25000,25000,6.34,4.76,3.852,97.16,4.421,3.72,5.836,0.462,0.8,0.187,0.0,0.0,0.735,0.0
BOND_0363,municipal,A,OH,tax_exempt,25000,25000,20.66,17.8,5.957,90.29,5.937,5.095,7.013,0.767,0.946,0.234,0.0,0.0,0.769,0.0
BOND_0364,municipal,BBB,CA,tax_exempt,5000,5000,15.63,10.97,6.387,105.89,6.595,5.821,6.446,0.71,0.836,0.222,0.0,0.0,1.08,0.0
BOND_0365,municipal,BBB,NC,tax_exempt,10000,10000,17.85,15.6,5.957,109.69,6.154,5.263,7.422,0.563,0.978,0.229,0.0,0.0,0.762,0.0
BOND_0366,municipal,BBB,FL,tax_exempt,5000,5000,23.1,20.64,6.737,109.19,6.373,5.319,8.783,0.465,0.722,0.188,0.0,0.0,0.806,0.0
BOND_0367,municipal,AA,GA,tax_exempt,25000,25000,14.89,12.53,4.666,88.81,5.263,4.438,6.877,0.683,0.914,0.199,0.0,0.0,1.109,0.0
BOND_0368,municipal,BBB,GA,tax_exempt,25000,25000,5.35,4.35,6.017,110.43,5.661,4.935,6.049,0.528,0.747,0.223,0.0,0.0,1.127,0.0
BOND_0369,municipal,AA,MA,tax_exempt,25000,25000,10.38,8.83,5.132,103.02,4.875,4.131,6.206,0.517,0.77,0.136,0.0,0.0,0.631,0.0
BOND_0370,municipal,BBB,MA,tax_exempt,1000,1000,15.99,13.62,6.692,96.09,5.996,5.167,6.908,0.632,0.906,0.06,0.0,0.0,0.846,0.0
BOND_0371,municipal,A,WA,tax_exempt,5000,5000,13.08,11.58,5.931,92.96,5.736,4.995,6.177,0.67,0.794,0.162,0.0,0.0,0.695,0.0
BOND_0372,municipal,A,FL,tax_exempt,5000,5000,22.79,17.07,6.945,108.27,6.278,5.338,7.829,0.653,0.941,0.186,0.0,0.0,1.119,0.0
BOND_0373,municipal,A,NC,tax_exempt,5000,5000,17.63,13.45,6.421,95.44,6.168,5.384,6.538,0.665,0.815,0.241,0.0,0.0,0.697,0.0
BOND_0374,municipal,AA,TX,tax_exempt,25000,25000,21.45,19.98,6.235,110.77,5.656,4.62,8.636,0.501,0.882,0.101,0.0,0.0,0.889,0.0
BOND_0375,municipal,BBB,TX,tax_exempt,5000,5000,22.16,17.25,6.177,100.95,6.636,5.586,8.753,0.376,0.839,0.063,0.0,0.0,0.965,0.0
BOND_0376,municipal,A,GA,tax_exempt,5000,5000,20.16,14.96,5.69,110.12,5.86,4.952,7.566,0.473,0.725,0.244,0.0,0.0,0.689,0.0
BOND_0377,municipal,AA,WA,tax_exempt,1000,1000,5.72,4.38,4.573,106.91,4.667,3.907,6.336,0.356,0.694,0.234,0.0,0.0,0.838,0.0
BOND_0378,municipal,AA,OH,tax_exempt,5000,5000,21.84,20.16,6.258,100.51,5.646,4.568,8.983,0.482,0.752,0.074,0.0,0.0,1.059,0.0
BOND_0379,municipal,AA,NJ,tax_exempt,1000,1000,20.54,16.64,4.774,109.0,5.316,4.375,7.844,0.61,0.812,0.187,0.0,0.0,1.064,0.0
BOND_0380,municipal,AA,TX,tax_exempt,25000,25000,20.44,15.09,4.944,100.47,5.585,4.684,7.51,0.485,0.812,0.184,0.0,0.0,0.667,0.0
BOND_0381,municipal,A,MA,tax_exempt,5000,5000,15.37,11.33,5.32,111.03,5.367,4.549,6.816,0.581,0.972,0.106,0.0,0.0,0.929,0.0
BOND_0382,municipal,AA,NY,tax_exempt,10000,10000,23.35,18.9,5.888,90.98,5.296,4.351,7.874,0.576,0.769,0.057,0.0,0.0,0.698,0.0
BOND_0383,municipal,AA,GA,tax_exempt,25000,25000,11.89,9.9,5.115,93.79,5.147,4.361,6.552,0.502,0.714,0.24,0.0,0.0,0.698,0.0
BOND_0384,municipal,A,NC,tax_exempt,5000,5000,18.52,17.18,5.523,90.47,5.549,4.668,7.338,0.603,0.697,0.151,0.0,0.0,0.613,0.0
BOND_0385,municipal,A,WA,tax_exempt,25000,25000,20.67,17.12,5.653,107.43,6.283,5.386,7.473,0.708,0.972,0.142,0.0,0.0,1.015,0.0
BOND_0386,municipal,AA,OH,tax_exempt,25000,25000,12.06,8.71,5.591,91.26,4.87,4.238,5.266,0.74,0.8,0.061,0.0,0.0,0.612,0.0
BOND_0387,municipal,AA,NY,tax_exempt,10000,10000,8.45,6.88,4.714,109.07,4.915,4.179,6.132,0.489,0.715,0.234,0.0,0.0,0.752,0.0
BOND_0388,municipal,AA,NC,tax_exempt,10000,10000,7.5,6.87,5.258,100.73,4.617,3.936,5.677,0.582,0.816,0.194,0.0,0.0,0.693,0.0
BOND_0389,municipal,BBB,WA,tax_exempt,1000,1000,21.01,17.84,6.427,103.43,6.875,5.927,7.904,0.559,0.95,0.073,0.0,0.0,0.806,0.0
BOND_0390,municipal,BBB,IL,tax_exempt,25000,25000,11.08,8.6,6.333,106.85,6.006,5.174,6.93,0.406,0.886,0.215,0.0,0.0,0.861,0.0
BOND_0391,municipal,A,NC,tax_exempt,10000,10000,24.92,20.23,5.253,106.41,5.897,4.841,8.805,0.426,0.878,0.104,0.0,0.0,0.762,0.0
BOND_0392,municipal,AA,NY,tax_exempt,25000,25000,13.5,12.45,5.727,106.88,5.179,4.38,6.658,0.672,0.768,0.226,0.0,0.0,0.932,0.0
BOND_0393,municipal,BBB,NJ,tax_exempt,10000,10000,22.16,16.46,6.28,105.77,6.615,5.58,8.626,0.358,0.676,0.057,0.0,0.0,0.925,0.0
BOND_0394,municipal,AA,CA,tax_exempt,1000,1000,19.08,14.05,5.203,109.72,5.837,4.915,7.686,0.447,0.854,0.181,0.0,0.0,0.816,0.0
BOND_0395,municipal,A,NJ,tax_exempt,10000,10000,12.51,11.52,6.319,93.39,5.686,4.793,7.438,0.424,0.825,0.086,0.0,0.0,0.899,0.0
BOND_0396,municipal,A,IL,tax_exempt,1000,1000,13.88,12.18,6.077,104.71,5.812,4.963,7.071,0.62,0.722,0.086,0.0,0.0,1.115,0.0
BOND_0397,municipal,BBB,WA,tax_exempt,1000,1000,10.73,8.84,6.539,101.31,6.017,5.35,5.555,0.761,0.956,0.117,0.0,0.0,0.862,0.0
BOND_0398,municipal,AA,TX,tax_exempt,10000,10000,4.55,3.83,3.946,94.06,4.45,3.697,6.276,0.436,0.883,0.12,0.0,0.0,1.094,0.0
BOND_0399,municipal,A,IL,tax_exempt,5000,5000,5.35,5.02,4.688,111.2,5.265,4.487,6.485,0.448,0.707,0.113,0.0,0.0,1.123,0.0
BOND_0400,municipal,AA,IL,tax_exempt,5000,5000,10.35,8.39,4.251,107.93,4.808,4.028,6.504,0.469,0.819,0.223,0.0,0.0,0.765,0.0
BOND_0401,municipal,BBB,TX,tax_exempt,5000,5000,3.58,2.7,6.039,100.82,5.453,4.722,6.094,0.428,0.676,0.108,0.0,0.0,1.085,0.0
BOND_0402,municipal,BBB,NC,tax_exempt,10000,10000,13.87,10.64,6.151,104.93,5.98,5.121,7.153,0.467,0.97,0.195,0.0,0.0,0.932,0.0
BOND_0403,municipal,BBB,NJ,tax_exempt,5000,5000,8.09,5.68,5.815,99.45,5.702,4.992,5.919,0.609,0.845,0.182,0.0,0.0,1.095,0.0
BOND_0404,municipal,A,TX,tax_exempt,10000,10000,13.52,12.5,6.358,105.74,6.02,5.128,7.426,0.413,0.861,0.214,0.0,0.0,0.733,0.0
BOND_0405,municipal,AA,PA,tax_exempt,10000,10000,21.35,17.86,6.189,92.39,5.771,4.932,6.995,0.761,0.678,0.185,0.0,0.0,0.732,0.0
BOND_0406,municipal,A,NJ,tax_exempt,10000,10000,13.31,10.16,5.76,110.43,5.262,4.56,5.852,0.754,0.778,0.133,0.0,0.0,0.885,0.0
BOND_0407,municipal,AA,MA,tax_exempt,5000,5000,7.53,5.71,5.139,105.9,4.493,3.734,6.326,0.47,0.913,0.209,0.0,0.0,0.985,0.0
BOND_0408,municipal,A,TX,tax_exempt,10000,10000,3.63,2.98,5.919,104.53,5.202,4.533,5.577,0.494,0.797,0.054,0.0,0.0,0.868,0.0
BOND_0409,municipal,A,CA,tax_exempt,5000,5000,10.36,9.13,5.074,89.78,5.197,4.369,6.902,0.368,0.814,0.105,0.0,0.0,0.664,0.0
BOND_0410,municipal,BBB,IL,tax_exempt,5000,5000,22.87,16.82,6.622,110.86,6.394,5.383,8.424,0.363,0.883,0.165,0.0,0.0,0.749,0.0
BOND_0411,municipal,A,WA,tax_exempt,1000,1000,16.29,14.43,6.085,95.65,5.49,4.692,6.655,0.725,0.772,0.141,0.0,0.0,0.826,0.0
BOND_0412,municipal,BBB,FL,tax_exempt,1000,1000,21.42,15.78,7.004,110.3,7.024,6.118,7.552,0.637,0.698,0.058,0.0,0.0,1.042,0.0
BOND_0413,municipal,AA,NC,tax_exempt,25000,25000,24.74,21.02,5.656,105.99,5.559,4.546,8.442,0.585,0.918,0.211,0.0,0.0,0.856,0.0
BOND_0414,municipal,A,PA,tax_exempt,25000,25000,14.36,13.21,6.185,108.37,5.971,5.19,6.502,0.709,0.936,0.1,0.0,0.0,0.828,0.0
BOND_0415,municipal,A,TX,tax_exempt,10000,10000,3.46,3.08,4.872,109.97,5.301,4.605,5.8,0.46,0.95,0.189,0.0,0.0,0.917,0.0
BOND_0416,municipal,AA,GA,tax_exempt,1000,1000,24.42,22.04,5.105,94.67,5.514,4.467,8.725,0.566,0.718,0.107,0.0,0.0,0.873,0.0
BOND_0417,municipal,BBB,WA,tax_exempt,5000,5000,14.25,10.83,5.661,91.33,6.164,5.408,6.297,0.672,0.702,0.111,0.0,0.0,0.883,0.0
BOND_0418,municipal,AA,OH,tax_exempt,5000,5000,24.19,17.7,5.442,94.48,5.482,4.571,7.591,0.697,0.689,0.117,0.0,0.0,0.994,0.0
BOND_0419,municipal,AA,NC,tax_exempt,5000,5000,21.9,15.73,5.937,108.5,5.685,4.737,7.897,0.538,0.787,0.134,0.0,0.0,1.013,0.0
BOND_0420,municipal,A,NJ,tax_exempt,10000,10000,21.39,19.78,4.985,93.75,5.698,4.795,7.523,0.756,0.759,0.052,0.0,0.0,0.846,0.0
BOND_0421,foreign,AA,Canada,taxable,1000,1000,11.69,8.87,5.374,96.72,5.603,4.575,8.569,0.317,0.923,0.037,0.213,1.0,0.0,0.202
BOND_0422,foreign,BB,Canada,taxable,5000,5000,10.26,8.36,7.625,90.83,7.675,6.765,7.58,0.511,1.016,0.068,0.785,0.384,0.0,0.336
BOND_0423,foreign,A,Australia,taxable,10000,10000,7.06,5.06,4.978,88.2,5.315,4.224,9.093,0.356,0.775,0.031,0.713,0.933,0.0,0.665
BOND_0424,foreign,A,United Kingdom,taxable,5000,5000,7.28,4.86,4.922,108.5,5.139,4.382,6.305,0.648,0.834,0.235,0.579,0.589,0.0,0.227
BOND_0425,foreign,AA,United Kingdom,taxable,25000,25000,15.99,10.83,4.557,102.08,5.161,4.182,8.16,0.659,0.83,0.061,0.709,0.467,0.0,0.713
BOND_0426,foreign,BB,Germany,taxable,1000,1000,13.25,8.7,7.035,98.36,7.768,6.856,7.599,0.516,0.949,0.183,0.606,0.609,0.0,0.228
BOND_0427,foreign,BBB,Japan,taxable,10000,10000,9.32,6.74,7.62,96.28,6.878,5.969,7.57,0.684,0.981,0.014,0.285,0.904,0.0,0.72
BOND_0428,foreign,BB,Australia,taxable,25000,25000,16.55,12.95,8.289,109.69,7.96,6.828,9.433,0.373,0.995,-0.043,0.394,0.979,0.0,0.288
BOND_0429,foreign,AA,Japan,taxable,1000,1000,9.05,6.14,5.078,93.13,5.012,3.908,9.199,0.302,0.826,0.167,0.499,0.946,0.0,0.638
BOND_0430,foreign,BBB,Canada,taxable,5000,5000,9.02,6.94,6.561,104.68,6.29,5.282,8.397,0.384,0.902,0.0,0.781,0.826,0.0,0.212
BOND_0431,foreign,A,Germany,taxable,5000,5000,16.47,12.02,5.971,102.95,6.27,5.283,8.218,0.526,0.773,0.087,0.245,0.838,0.0,0.294
BOND_0432,foreign,AA,United Kingdom,taxable,5000,5000,13.1,9.84,5.221,91.34,5.318,4.327,8.254,0.566,0.967,0.076,0.288,0.648,0.0,0.78
BOND_0433,foreign,AA,Canada,taxable,1000,1000,11.94,8.62,4.774,105.41,5.328,4.342,8.213,0.584,0.709,0.071,0.491,0.759,0.0,0.664
BOND_0434,foreign,BBB,Mexico,taxable,10000,10000,6.19,5.14,7.061,100.12,6.479,5.754,6.046,0.603,0.812,0.089,0.316,0.488,0.0,0.245
BOND_0435,foreign,BBB,Australia,taxable,25000,25000,6.23,5.35,6.413,111.64,6.866,5.77,9.137,0.304,0.892,0.157,0.351,1.016,0.0,0.725
BOND_0436,foreign,BBB,Canada,taxable,10000,10000,3.92,2.68,6.467,107.87,6.05,5.316,6.121,0.592,0.873,0.081,0.289,0.509,0.0,0.508
BOND_0437,foreign,A,Germany,taxable,10000,10000,7.35,4.74,5.338,90.42,5.48,4.402,8.98,0.391,0.899,0.079,0.578,0.901,0.0,0.844
BOND_0438,foreign,AA,Germany,taxable,5000,5000,6.17,4.59,5.079,96.6,4.629,3.666,8.025,0.385,0.893,0.086,0.233,0.753,0.0,0.713
BOND_0439,foreign,A,Mexico,taxable,10000,10000,10.21,8.05,4.849,101.15,5.594,4.68,7.616,0.414,0.808,0.048,0.352,0.486,0.0,0.384
BOND_0440,foreign,A,Australia,taxable,25000,25000,4.37,3.38,4.967,109.77,5.393,4.461,7.765,0.361,0.79,0.073,0.673,0.83,0.0,0.24
BOND_0441,foreign,BBB,United Kingdom,taxable,1000,1000,6.42,4.1,7.198,88.43,6.751,5.909,7.009,0.352,0.771,-0.047,0.436,0.426,0.0,0.303
BOND_0442,foreign,BB,Mexico,taxable,5000,5000,9.85,7.57,7.452,111.55,7.664,6.6,8.866,0.417,0.861,0.219,0.374,0.839,0.0,0.766
BOND_0443,foreign,BBB,Germany,taxable,25000,25000,15.69,11.57,6.593,92.45,6.423,5.543,7.337,0.657,0.831,0.233,0.342,0.429,0.0,0.481
BOND_0444,foreign,A,Mexico,taxable,25000,25000,9.49,6.83,5.636,107.2,5.639,4.61,8.575,0.412,0.851,0.141,0.48,0.813,0.0,0.615
BOND_0445,foreign,A,Germany,taxable,5000,5000,8.77,6.55,5.413,105.74,5.486,4.609,7.308,0.546,0.982,0.121,0.204,0.95,0.0,0.299
BOND_0446,foreign,AA,Japan,taxable,1000,1000,5.76,4.73,5.344,107.96,4.886,3.964,7.687,0.406,0.825,0.097,0.546,0.492,0.0,0.591
BOND_0447,foreign,A,Japan,taxable,10000,10000,8.71,7.36,6.099,107.25,5.682,4.788,7.45,0.432,1.02,0.18,0.486,0.371,0.0,0.418
BOND_0448,foreign,BBB,United Kingdom,taxable,5000,5000,17.0,11.02,6.575,99.27,6.824,5.857,8.056,0.601,0.764,0.232,0.788,0.372,0.0,0.546
BOND_0449,foreign,BBB,Mexico,taxable,1000,1000,13.02,10.21,7.252,91.85,6.658,5.566,9.101,0.581,0.713,0.126,0.561,0.889,0.0,0.811
BOND_0450,foreign,BB,Japan,taxable,1000,1000,17.03,11.83,8.372,98.59,7.694,6.633,8.847,0.541,0.752,0.011,0.628,0.783,0.0,0.474
BOND_0451,foreign,BB,Australia,taxable,5000,5000,9.3,6.19,8.384,105.21,8.205,7.265,7.838,0.494,1.021,0.165,0.64,0.938,0.0,0.213
BOND_0452,foreign,BB,Mexico,taxable,25000,25000,16.87,10.63,8.215,111.1,8.367,7.353,8.445,0.574,0.868,0.023,0.678,0.424,0.0,0.768
BOND_0453,foreign,A,Canada,taxable,5000,5000,8.48,7.32,5.21,109.11,5.075,4.147,7.737,0.706,0.799,0.049,0.258,1.091,0.0,0.637
BOND_0454,foreign,A,Canada,taxable,10000,10000,4.41,3.14,4.732,105.13,4.943,4.097,7.05,0.441,0.777,0.16,0.488,0.675,0.0,0.333
BOND_0455,foreign,A,Mexico,taxable,25000,25000,8.15,5.17,6.329,109.93,5.867,4.894,8.111,0.38,0.844,0.007,0.716,0.704,0.0,0.391
BOND_0456,foreign,A,Australia,taxable,25000,25000,13.94,12.01,5.037,90.45,5.732,4.619,9.271,0.496,0.72,0.012,0.212,0.872,0.0,0.804
BOND_0457,foreign,AA,Germany,taxable,25000,25000,14.6,11.72,6.023,89.8,5.321,4.132,9.916,0.36,0.932,0.093,0.567,0.673,0.0,0.833
BOND_0458,foreign,BBB,Mexico,taxable,25000,25000,6.22,4.19,6.751,88.81,6.705,5.807,7.486,0.673,0.982,-0.028,0.553,1.039,0.0,0.574
BOND_0459,foreign,AA,Australia,taxable,5000,5000,5.26,3.32,4.752,101.82,4.549,3.846,5.859,0.605,0.82,0.093,0.217,0.676,0.0,0.213
BOND_0460,foreign,BB,Japan,taxable,5000,5000,14.3,11.04,9.154,98.3,8.674,7.67,8.37,0.456,0.854,0.107,0.225,0.898,0.0,0.277
BOND_0461,foreign,BBB,Canada,taxable,25000,25000,2.56,1.98,6.385,94.83,6.149,5.352,6.637,0.606,0.862,-0.005,0.572,0.564,0.0,0.637
BOND_0462,foreign,BBB,Canada,taxable,25000,25000,15.72,10.36,7.252,93.36,7.494,6.565,7.744,0.554,0.928,0.046,0.375,0.429,0.0,0.576
BOND_0463,foreign,BBB,Germany,taxable,10000,10000,11.93,7.99,7.667,88.92,7.081,6.205,7.301,0.708,0.846,-0.029,0.538,0.62,0.0,0.6
BOND_0464,foreign,BB,Mexico,taxable,1000,1000,2.48,2.07,6.54,99.78,6.775,5.964,6.759,0.421,0.711,0.068,0.382,0.607,0.0,0.378
BOND_0465,foreign,A,United Kingdom,taxable,1000,1000,7.64,5.69,5.575,101.14,5.295,4.251,8.699,0.319,0.899,0.236,0.755,0.68,0.0,0.524
BOND_0466,foreign,BBB,Germany,taxable,1000,1000,4.95,3.19,6.475,99.27,6.689,5.693,8.304,0.323,0.829,0.098,0.224,0.906,0.0,0.722
BOND_0467,foreign,A,Japan,taxable,25000,25000,5.2,4.25,4.522,108.79,5.067,3.989,8.984,0.4,0.892,0.048,0.771,1.082,0.0,0.594
BOND_0468,foreign,AA,Canada,taxable,25000,25000,15.18,9.97,5.467,105.92,5.261,4.244,8.477,0.391,0.998,-0.024,0.51,0.628,0.0,0.363
BOND_0469,foreign,A,Australia,taxable,25000,25000,11.33,6.86,5.836,111.25,5.997,5.197,6.661,0.506,0.825,0.025,0.242,0.472,0.0,0.269
BOND_0470,foreign,BB,Mexico,taxable,25000,25000,4.9,3.48,8.005,92.58,7.632,6.801,6.924,0.709,1.028,-0.033,0.353,1.009,0.0,0.588
BOND_0471,foreign,A,Mexico,taxable,25000,25000,10.22,8.64,5.155,104.85,5.364,4.368,8.294,0.53,0.896,0.158,0.697,0.412,0.0,0.785
BOND_0472,foreign,A,Germany,taxable,5000,5000,2.74,1.91,4.841,103.78,4.717,3.92,6.642,0.633,0.926,0.154,0.358,0.649,0.0,0.776
BOND_0473,foreign,BBB,Canada,taxable,25000,25000,4.46,3.02,7.122,92.86,6.555,5.748,6.72,0.549,0.887,0.055,0.715,0.449,0.0,0.463
BOND_0474,foreign,AA,United Kingdom,taxable,1000,1000,15.61,11.66,4.95,105.36,5.626,4.44,9.881,0.492,0.957,0.166,0.688,0.888,0.0,0.81
BOND_0475,foreign,BB,United Kingdom,taxable,1000,1000,6.11,4.62,7.671,98.87,7.982,6.984,8.32,0.317,1.043,0.005,0.613,0.472,0.0,0.727
BOND_0476,foreign,A,Australia,taxable,5000,5000,6.09,4.34,4.547,110.67,4.902,4.133,6.408,0.68,0.819,-0.034,0.338,0.5,0.0,0.67
BOND_0477,foreign,A,Australia,taxable,10000,10000,9.45,7.37,4.875,107.65,5.561,4.421,9.501,0.324,0.855,0.204,0.552,0.899,0.0,0.742
BOND_0478,foreign,BB,Japan,taxable,1000,1000,13.43,8.82,9.014,108.76,8.841,7.914,7.729,0.449,0.807,0.238,0.431,0.403,0.0,0.472
BOND_0479,foreign,BBB,Canada,taxable,1000,1000,5.99,4.49,6.566,106.37,6.335,5.412,7.688,0.329,0.878,0.081,0.509,0.71,0.0,0.253
BOND_0480,foreign,AA,Mexico,taxable,25000,25000,4.73,4.12,4.59,102.31,4.71,3.763,7.888,0.502,0.75,-0.026,0.428,0.73,0.0,0.825
BOND_0481,foreign,BB,Germany,taxable,10000,10000,14.37,10.84,7.072,107.92,7.662,6.635,8.564,0.678,0.784,0.074,0.777,0.681,0.0,0.716
BOND_0482,foreign,AA,Canada,taxable,10000,10000,17.85,12.18,6.013,106.18,5.721,4.592,9.414,0.316,0.996,0.108,0.54,0.861,0.0,0.24
BOND_0483,foreign,AA,Germany,taxable,10000,10000,7.7,5.29,4.388,100.49,4.902,4.154,6.238,0.716,0.75,0.228,0.258,0.525,0.0,0.593
BOND_0484,foreign,AA,Japan,taxable,5000,5000,14.25,11.9,4.759,99.17,5.299,4.305,8.284,0.537,0.889,0.179,0.749,0.627,0.0,0.215
BOND_0485,foreign,AA,United Kingdom,taxable,25000,25000,5.31,4.27,4.255,98.08,4.611,3.638,8.111,0.538,0.89,0.019,0.646,1.022,0.0,0.564
BOND_0486,foreign,AA,Mexico,taxable,25000,25000,2.27,1.94,3.575,101.02,4.159,3.509,5.414,0.662,0.832,0.017,0.4,0.465,0.0,0.31
BOND_0487,foreign,BB,Japan,taxable,5000,5000,12.37,10.18,7.249,102.45,7.761,6.64,9.347,0.329,0.746,0.041,0.484,0.999,0.0,0.334
BOND_0488,foreign,AA,Canada,taxable,5000,5000,4.2,2.67,4.134,105.52,4.491,3.563,7.739,0.481,0.849,0.013,0.457,0.748,0.0,0.801
BOND_0489,foreign,BBB,Australia,taxable,10000,10000,14.75,11.41,7.572,94.91,7.033,5.971,8.85,0.309,0.908,0.081,0.286,0.589,0.0,0.445
BOND_0490,foreign,BBB,Germany,taxable,10000,10000,9.49,8.2,6.602,98.83,6.819,5.819,8.338,0.351,0.992,0.177,0.381,0.767,0.0,0.327
BOND_0491,foreign,AA,Australia,taxable,5000,5000,17.65,15.32,5.859,107.14,5.76,4.635,9.378,0.42,0.791,0.037,0.638,0.509,0.0,0.419
BOND_0492,foreign,AA,United Kingdom,taxable,25000,25000,5.45,4.22,4.817,97.97,5.069,4.13,7.822,0.414,0.862,0.176,0.459,1.074,0.0,0.216
BOND_0493,foreign,A,Mexico,taxable,5000,5000,9.3,7.15,6.373,94.77,5.947,4.946,8.342,0.467,0.819,0.248,0.686,0.683,0.0,0.558
BOND_0494,foreign,BB,Japan,taxable,10000,10000,15.95,12.56,8.048,98.22,8.065,6.904,9.673,0.345,0.993,0.249,0.443,0.79,0.0,0.551
BOND_0495,foreign,BBB,Japan,taxable,10000,10000,12.14,7.79,6.535,104.58,6.182,5.197,8.209,0.676,1.032,-0.017,0.608,0.998,0.0,0.624
BOND_0496,foreign,A,Mexico,taxable,10000,10000,6.64,4.51,5.779,96.99,5.225,4.239,8.218,0.361,0.799,0.044,0.471,1.074,0.0,0.279
BOND_0497,foreign,BBB,United Kingdom,taxable,1000,1000,3.25,2.06,5.448,91.25,5.921,4.958,8.025,0.461,0.857,-0.042,0.682,0.988,0.0,0.574
BOND_0498,foreign,BB,Canada,taxable,25000,25000,6.09,4.7,7.653,99.05,7.136,6.379,6.305,0.64,0.864,0.097,0.238,0.448,0.0,0.613
BOND_0499,foreign,A,Australia,taxable,5000,5000,11.21,7.83,4.835,106.67,5.393,4.292,9.171,0.579,0.894,0.007,0.796,1.098,0.0,0.705
BOND_0500,foreign,BB,Australia,taxable,25000,25000,17.58,14.91,7.507,109.25,7.701,6.549,9.606,0.466,0.836,0.237,0.397,0.827,0.0,0.545
